ISO_3_Code,Country_Name,Who_Region,Year,Description,Intro
IND,India,SEARO,2010,Rotavirus vaccine,No
IND,India,SEARO,2011,Rotavirus vaccine,No
IND,India,SEARO,2012,Rotavirus vaccine,No
IND,India,SEARO,2013,Rotavirus vaccine,No
IND,India,SEARO,2014,Rotavirus vaccine,No
IND,India,SEARO,2015,Rotavirus vaccine,No
IND,India,SEARO,2016,Rotavirus vaccine,Partial
IND,India,SEARO,2017,Rotavirus vaccine,Yes
IND,India,SEARO,2018,Rotavirus vaccine,Yes
IND,India,SEARO,2019,Rotavirus vaccine,Yes
IND,India,SEARO,2020,Rotavirus vaccine,Yes
IND,India,SEARO,2021,Rotavirus vaccine,Yes
IND,India,SEARO,2022,Rotavirus vaccine,Yes
IND,India,SEARO,2023,Rotavirus vaccine,Yes
IND,India,SEARO,2024,Rotavirus vaccine,Yes
IND,India,SEARO,2010,IPV - Inactivated Polio Vaccine,No
IND,India,SEARO,2011,IPV - Inactivated Polio Vaccine,No
IND,India,SEARO,2012,IPV - Inactivated Polio Vaccine,No
IND,India,SEARO,2013,IPV - Inactivated Polio Vaccine,No
IND,India,SEARO,2014,IPV - Inactivated Polio Vaccine,No
IND,India,SEARO,2015,IPV - Inactivated Polio Vaccine,No
IND,India,SEARO,2016,IPV - Inactivated Polio Vaccine,No
IND,India,SEARO,2017,IPV - Inactivated Polio Vaccine,No
IND,India,SEARO,2018,IPV - Inactivated Polio Vaccine,No
IND,India,SEARO,2019,IPV - Inactivated Polio Vaccine,Partial
IND,India,SEARO,2020,IPV - Inactivated Polio Vaccine,Yes
IND,India,SEARO,2021,IPV - Inactivated Polio Vaccine,Yes
IND,India,SEARO,2022,IPV - Inactivated Polio Vaccine,Yes
IND,India,SEARO,2023,IPV - Inactivated Polio Vaccine,Yes
IND,India,SEARO,2024,IPV - Inactivated Polio Vaccine,Yes
IND,India,SEARO,2010,HPV - Human Papillomavirus Vaccine,No
IND,India,SEARO,2011,HPV - Human Papillomavirus Vaccine,No
IND,India,SEARO,2012,HPV - Human Papillomavirus Vaccine,No
IND,India,SEARO,2013,HPV - Human Papillomavirus Vaccine,No
IND,India,SEARO,2014,HPV - Human Papillomavirus Vaccine,No
IND,India,SEARO,2015,HPV - Human Papillomavirus Vaccine,No
IND,India,SEARO,2016,HPV - Human Papillomavirus Vaccine,No
IND,India,SEARO,2017,HPV - Human Papillomavirus Vaccine,No
IND,India,SEARO,2018,HPV - Human Papillomavirus Vaccine,Partial
IND,India,SEARO,2019,HPV - Human Papillomavirus Vaccine,Yes
IND,India,SEARO,2020,HPV - Human Papillomavirus Vaccine,Yes
IND,India,SEARO,2021,HPV - Human Papillomavirus Vaccine,Yes
IND,India,SEARO,2022,HPV - Human Papillomavirus Vaccine,Yes
IND,India,SEARO,2023,HPV - Human Papillomavirus Vaccine,Yes
IND,India,SEARO,2024,HPV - Human Papillomavirus Vaccine,Yes
IND,India,SEARO,2010,Pneumococcal Conjugate Vaccine (PCV),No
IND,India,SEARO,2011,Pneumococcal Conjugate Vaccine (PCV),No
IND,India,SEARO,2012,Pneumococcal Conjugate Vaccine (PCV),No
IND,India,SEARO,2013,Pneumococcal Conjugate Vaccine (PCV),No
IND,India,SEARO,2014,Pneumococcal Conjugate Vaccine (PCV),No
IND,India,SEARO,2015,Pneumococcal Conjugate Vaccine (PCV),Partial
IND,India,SEARO,2016,Pneumococcal Conjugate Vaccine (PCV),Yes
IND,India,SEARO,2017,Pneumococcal Conjugate Vaccine (PCV),Yes
IND,India,SEARO,2018,Pneumococcal Conjugate Vaccine (PCV),Yes
IND,India,SEARO,2019,Pneumococcal Conjugate Vaccine (PCV),Yes
IND,India,SEARO,2020,Pneumococcal Conjugate Vaccine (PCV),Yes
IND,India,SEARO,2021,Pneumococcal Conjugate Vaccine (PCV),Yes
IND,India,SEARO,2022,Pneumococcal Conjugate Vaccine (PCV),Yes
IND,India,SEARO,2023,Pneumococcal Conjugate Vaccine (PCV),Yes
IND,India,SEARO,2024,Pneumococcal Conjugate Vaccine (PCV),Yes
IND,India,SEARO,2010,COVID-19 Vaccine,No
IND,India,SEARO,2011,COVID-19 Vaccine,No
IND,India,SEARO,2012,COVID-19 Vaccine,No
IND,India,SEARO,2013,COVID-19 Vaccine,No
IND,India,SEARO,2014,COVID-19 Vaccine,No
IND,India,SEARO,2015,COVID-19 Vaccine,No
IND,India,SEARO,2016,COVID-19 Vaccine,No
IND,India,SEARO,2017,COVID-19 Vaccine,No
IND,India,SEARO,2018,COVID-19 Vaccine,No
IND,India,SEARO,2019,COVID-19 Vaccine,No
IND,India,SEARO,2020,COVID-19 Vaccine,No
IND,India,SEARO,2021,COVID-19 Vaccine,No
IND,India,SEARO,2022,COVID-19 Vaccine,No
IND,India,SEARO,2023,COVID-19 Vaccine,No
IND,India,SEARO,2024,COVID-19 Vaccine,No
IND,India,SEARO,2010,"Malaria Vaccine (RTS,S)",No
IND,India,SEARO,2011,"Malaria Vaccine (RTS,S)",No
IND,India,SEARO,2012,"Malaria Vaccine (RTS,S)",No
IND,India,SEARO,2013,"Malaria Vaccine (RTS,S)",No
IND,India,SEARO,2014,"Malaria Vaccine (RTS,S)",No
IND,India,SEARO,2015,"Malaria Vaccine (RTS,S)",No
IND,India,SEARO,2016,"Malaria Vaccine (RTS,S)",No
IND,India,SEARO,2017,"Malaria Vaccine (RTS,S)",No
IND,India,SEARO,2018,"Malaria Vaccine (RTS,S)",No
IND,India,SEARO,2019,"Malaria Vaccine (RTS,S)",No
IND,India,SEARO,2020,"Malaria Vaccine (RTS,S)",No
IND,India,SEARO,2021,"Malaria Vaccine (RTS,S)",No
IND,India,SEARO,2022,"Malaria Vaccine (RTS,S)",No
IND,India,SEARO,2023,"Malaria Vaccine (RTS,S)",No
IND,India,SEARO,2024,"Malaria Vaccine (RTS,S)",No
USA,United States,AMRO,2010,Rotavirus vaccine,No
USA,United States,AMRO,2011,Rotavirus vaccine,No
USA,United States,AMRO,2012,Rotavirus vaccine,Partial
USA,United States,AMRO,2013,Rotavirus vaccine,Yes
USA,United States,AMRO,2014,Rotavirus vaccine,Yes
USA,United States,AMRO,2015,Rotavirus vaccine,Yes
USA,United States,AMRO,2016,Rotavirus vaccine,Yes
USA,United States,AMRO,2017,Rotavirus vaccine,Yes
USA,United States,AMRO,2018,Rotavirus vaccine,Yes
USA,United States,AMRO,2019,Rotavirus vaccine,Yes
USA,United States,AMRO,2020,Rotavirus vaccine,Yes
USA,United States,AMRO,2021,Rotavirus vaccine,Yes
USA,United States,AMRO,2022,Rotavirus vaccine,Yes
USA,United States,AMRO,2023,Rotavirus vaccine,Yes
USA,United States,AMRO,2024,Rotavirus vaccine,Yes
USA,United States,AMRO,2010,IPV - Inactivated Polio Vaccine,No
USA,United States,AMRO,2011,IPV - Inactivated Polio Vaccine,No
USA,United States,AMRO,2012,IPV - Inactivated Polio Vaccine,No
USA,United States,AMRO,2013,IPV - Inactivated Polio Vaccine,No
USA,United States,AMRO,2014,IPV - Inactivated Polio Vaccine,No
USA,United States,AMRO,2015,IPV - Inactivated Polio Vaccine,Partial
USA,United States,AMRO,2016,IPV - Inactivated Polio Vaccine,Yes
USA,United States,AMRO,2017,IPV - Inactivated Polio Vaccine,Yes
USA,United States,AMRO,2018,IPV - Inactivated Polio Vaccine,Yes
USA,United States,AMRO,2019,IPV - Inactivated Polio Vaccine,Yes
USA,United States,AMRO,2020,IPV - Inactivated Polio Vaccine,Yes
USA,United States,AMRO,2021,IPV - Inactivated Polio Vaccine,Yes
USA,United States,AMRO,2022,IPV - Inactivated Polio Vaccine,Yes
USA,United States,AMRO,2023,IPV - Inactivated Polio Vaccine,Yes
USA,United States,AMRO,2024,IPV - Inactivated Polio Vaccine,Yes
USA,United States,AMRO,2010,HPV - Human Papillomavirus Vaccine,No
USA,United States,AMRO,2011,HPV - Human Papillomavirus Vaccine,No
USA,United States,AMRO,2012,HPV - Human Papillomavirus Vaccine,No
USA,United States,AMRO,2013,HPV - Human Papillomavirus Vaccine,No
USA,United States,AMRO,2014,HPV - Human Papillomavirus Vaccine,Partial
USA,United States,AMRO,2015,HPV - Human Papillomavirus Vaccine,Yes
USA,United States,AMRO,2016,HPV - Human Papillomavirus Vaccine,Yes
USA,United States,AMRO,2017,HPV - Human Papillomavirus Vaccine,Yes
USA,United States,AMRO,2018,HPV - Human Papillomavirus Vaccine,Yes
USA,United States,AMRO,2019,HPV - Human Papillomavirus Vaccine,Yes
USA,United States,AMRO,2020,HPV - Human Papillomavirus Vaccine,Yes
USA,United States,AMRO,2021,HPV - Human Papillomavirus Vaccine,Yes
USA,United States,AMRO,2022,HPV - Human Papillomavirus Vaccine,Yes
USA,United States,AMRO,2023,HPV - Human Papillomavirus Vaccine,Yes
USA,United States,AMRO,2024,HPV - Human Papillomavirus Vaccine,Yes
USA,United States,AMRO,2010,Pneumococcal Conjugate Vaccine (PCV),No
USA,United States,AMRO,2011,Pneumococcal Conjugate Vaccine (PCV),Partial
USA,United States,AMRO,2012,Pneumococcal Conjugate Vaccine (PCV),Yes
USA,United States,AMRO,2013,Pneumococcal Conjugate Vaccine (PCV),Yes
USA,United States,AMRO,2014,Pneumococcal Conjugate Vaccine (PCV),Yes
USA,United States,AMRO,2015,Pneumococcal Conjugate Vaccine (PCV),Yes
USA,United States,AMRO,2016,Pneumococcal Conjugate Vaccine (PCV),Yes
USA,United States,AMRO,2017,Pneumococcal Conjugate Vaccine (PCV),Yes
USA,United States,AMRO,2018,Pneumococcal Conjugate Vaccine (PCV),Yes
USA,United States,AMRO,2019,Pneumococcal Conjugate Vaccine (PCV),Yes
USA,United States,AMRO,2020,Pneumococcal Conjugate Vaccine (PCV),Yes
USA,United States,AMRO,2021,Pneumococcal Conjugate Vaccine (PCV),Yes
USA,United States,AMRO,2022,Pneumococcal Conjugate Vaccine (PCV),Yes
USA,United States,AMRO,2023,Pneumococcal Conjugate Vaccine (PCV),Yes
USA,United States,AMRO,2024,Pneumococcal Conjugate Vaccine (PCV),Yes
USA,United States,AMRO,2010,COVID-19 Vaccine,No
USA,United States,AMRO,2011,COVID-19 Vaccine,No
USA,United States,AMRO,2012,COVID-19 Vaccine,No
USA,United States,AMRO,2013,COVID-19 Vaccine,No
USA,United States,AMRO,2014,COVID-19 Vaccine,No
USA,United States,AMRO,2015,COVID-19 Vaccine,No
USA,United States,AMRO,2016,COVID-19 Vaccine,No
USA,United States,AMRO,2017,COVID-19 Vaccine,No
USA,United States,AMRO,2018,COVID-19 Vaccine,No
USA,United States,AMRO,2019,COVID-19 Vaccine,No
USA,United States,AMRO,2020,COVID-19 Vaccine,No
USA,United States,AMRO,2021,COVID-19 Vaccine,Partial
USA,United States,AMRO,2022,COVID-19 Vaccine,Yes
USA,United States,AMRO,2023,COVID-19 Vaccine,Yes
USA,United States,AMRO,2024,COVID-19 Vaccine,Yes
USA,United States,AMRO,2010,"Malaria Vaccine (RTS,S)",No
USA,United States,AMRO,2011,"Malaria Vaccine (RTS,S)",No
USA,United States,AMRO,2012,"Malaria Vaccine (RTS,S)",No
USA,United States,AMRO,2013,"Malaria Vaccine (RTS,S)",No
USA,United States,AMRO,2014,"Malaria Vaccine (RTS,S)",No
USA,United States,AMRO,2015,"Malaria Vaccine (RTS,S)",No
USA,United States,AMRO,2016,"Malaria Vaccine (RTS,S)",No
USA,United States,AMRO,2017,"Malaria Vaccine (RTS,S)",No
USA,United States,AMRO,2018,"Malaria Vaccine (RTS,S)",No
USA,United States,AMRO,2019,"Malaria Vaccine (RTS,S)",No
USA,United States,AMRO,2020,"Malaria Vaccine (RTS,S)",No
USA,United States,AMRO,2021,"Malaria Vaccine (RTS,S)",No
USA,United States,AMRO,2022,"Malaria Vaccine (RTS,S)",Partial
USA,United States,AMRO,2023,"Malaria Vaccine (RTS,S)",Yes
USA,United States,AMRO,2024,"Malaria Vaccine (RTS,S)",Yes
BRA,Brazil,AMRO,2010,Rotavirus vaccine,No
BRA,Brazil,AMRO,2011,Rotavirus vaccine,No
BRA,Brazil,AMRO,2012,Rotavirus vaccine,No
BRA,Brazil,AMRO,2013,Rotavirus vaccine,No
BRA,Brazil,AMRO,2014,Rotavirus vaccine,Partial
BRA,Brazil,AMRO,2015,Rotavirus vaccine,Yes
BRA,Brazil,AMRO,2016,Rotavirus vaccine,Yes
BRA,Brazil,AMRO,2017,Rotavirus vaccine,Yes
BRA,Brazil,AMRO,2018,Rotavirus vaccine,Yes
BRA,Brazil,AMRO,2019,Rotavirus vaccine,Yes
BRA,Brazil,AMRO,2020,Rotavirus vaccine,Yes
BRA,Brazil,AMRO,2021,Rotavirus vaccine,Yes
BRA,Brazil,AMRO,2022,Rotavirus vaccine,Yes
BRA,Brazil,AMRO,2023,Rotavirus vaccine,Yes
BRA,Brazil,AMRO,2024,Rotavirus vaccine,Yes
BRA,Brazil,AMRO,2010,IPV - Inactivated Polio Vaccine,No
BRA,Brazil,AMRO,2011,IPV - Inactivated Polio Vaccine,No
BRA,Brazil,AMRO,2012,IPV - Inactivated Polio Vaccine,No
BRA,Brazil,AMRO,2013,IPV - Inactivated Polio Vaccine,No
BRA,Brazil,AMRO,2014,IPV - Inactivated Polio Vaccine,No
BRA,Brazil,AMRO,2015,IPV - Inactivated Polio Vaccine,No
BRA,Brazil,AMRO,2016,IPV - Inactivated Polio Vaccine,No
BRA,Brazil,AMRO,2017,IPV - Inactivated Polio Vaccine,Partial
BRA,Brazil,AMRO,2018,IPV - Inactivated Polio Vaccine,Yes
BRA,Brazil,AMRO,2019,IPV - Inactivated Polio Vaccine,Yes
BRA,Brazil,AMRO,2020,IPV - Inactivated Polio Vaccine,Yes
BRA,Brazil,AMRO,2021,IPV - Inactivated Polio Vaccine,Yes
BRA,Brazil,AMRO,2022,IPV - Inactivated Polio Vaccine,Yes
BRA,Brazil,AMRO,2023,IPV - Inactivated Polio Vaccine,Yes
BRA,Brazil,AMRO,2024,IPV - Inactivated Polio Vaccine,Yes
BRA,Brazil,AMRO,2010,HPV - Human Papillomavirus Vaccine,No
BRA,Brazil,AMRO,2011,HPV - Human Papillomavirus Vaccine,No
BRA,Brazil,AMRO,2012,HPV - Human Papillomavirus Vaccine,No
BRA,Brazil,AMRO,2013,HPV - Human Papillomavirus Vaccine,No
BRA,Brazil,AMRO,2014,HPV - Human Papillomavirus Vaccine,No
BRA,Brazil,AMRO,2015,HPV - Human Papillomavirus Vaccine,No
BRA,Brazil,AMRO,2016,HPV - Human Papillomavirus Vaccine,Partial
BRA,Brazil,AMRO,2017,HPV - Human Papillomavirus Vaccine,Yes
BRA,Brazil,AMRO,2018,HPV - Human Papillomavirus Vaccine,Yes
BRA,Brazil,AMRO,2019,HPV - Human Papillomavirus Vaccine,Yes
BRA,Brazil,AMRO,2020,HPV - Human Papillomavirus Vaccine,Yes
BRA,Brazil,AMRO,2021,HPV - Human Papillomavirus Vaccine,Yes
BRA,Brazil,AMRO,2022,HPV - Human Papillomavirus Vaccine,Yes
BRA,Brazil,AMRO,2023,HPV - Human Papillomavirus Vaccine,Yes
BRA,Brazil,AMRO,2024,HPV - Human Papillomavirus Vaccine,Yes
BRA,Brazil,AMRO,2010,Pneumococcal Conjugate Vaccine (PCV),No
BRA,Brazil,AMRO,2011,Pneumococcal Conjugate Vaccine (PCV),No
BRA,Brazil,AMRO,2012,Pneumococcal Conjugate Vaccine (PCV),No
BRA,Brazil,AMRO,2013,Pneumococcal Conjugate Vaccine (PCV),Partial
BRA,Brazil,AMRO,2014,Pneumococcal Conjugate Vaccine (PCV),Yes
BRA,Brazil,AMRO,2015,Pneumococcal Conjugate Vaccine (PCV),Yes
BRA,Brazil,AMRO,2016,Pneumococcal Conjugate Vaccine (PCV),Yes
BRA,Brazil,AMRO,2017,Pneumococcal Conjugate Vaccine (PCV),Yes
BRA,Brazil,AMRO,2018,Pneumococcal Conjugate Vaccine (PCV),Yes
BRA,Brazil,AMRO,2019,Pneumococcal Conjugate Vaccine (PCV),Yes
BRA,Brazil,AMRO,2020,Pneumococcal Conjugate Vaccine (PCV),Yes
BRA,Brazil,AMRO,2021,Pneumococcal Conjugate Vaccine (PCV),Yes
BRA,Brazil,AMRO,2022,Pneumococcal Conjugate Vaccine (PCV),Yes
BRA,Brazil,AMRO,2023,Pneumococcal Conjugate Vaccine (PCV),Yes
BRA,Brazil,AMRO,2024,Pneumococcal Conjugate Vaccine (PCV),Yes
BRA,Brazil,AMRO,2010,COVID-19 Vaccine,No
BRA,Brazil,AMRO,2011,COVID-19 Vaccine,No
BRA,Brazil,AMRO,2012,COVID-19 Vaccine,No
BRA,Brazil,AMRO,2013,COVID-19 Vaccine,No
BRA,Brazil,AMRO,2014,COVID-19 Vaccine,No
BRA,Brazil,AMRO,2015,COVID-19 Vaccine,No
BRA,Brazil,AMRO,2016,COVID-19 Vaccine,No
BRA,Brazil,AMRO,2017,COVID-19 Vaccine,No
BRA,Brazil,AMRO,2018,COVID-19 Vaccine,No
BRA,Brazil,AMRO,2019,COVID-19 Vaccine,No
BRA,Brazil,AMRO,2020,COVID-19 Vaccine,No
BRA,Brazil,AMRO,2021,COVID-19 Vaccine,No
BRA,Brazil,AMRO,2022,COVID-19 Vaccine,No
BRA,Brazil,AMRO,2023,COVID-19 Vaccine,Partial
BRA,Brazil,AMRO,2024,COVID-19 Vaccine,Yes
BRA,Brazil,AMRO,2010,"Malaria Vaccine (RTS,S)",No
BRA,Brazil,AMRO,2011,"Malaria Vaccine (RTS,S)",No
BRA,Brazil,AMRO,2012,"Malaria Vaccine (RTS,S)",No
BRA,Brazil,AMRO,2013,"Malaria Vaccine (RTS,S)",No
BRA,Brazil,AMRO,2014,"Malaria Vaccine (RTS,S)",No
BRA,Brazil,AMRO,2015,"Malaria Vaccine (RTS,S)",No
BRA,Brazil,AMRO,2016,"Malaria Vaccine (RTS,S)",No
BRA,Brazil,AMRO,2017,"Malaria Vaccine (RTS,S)",No
BRA,Brazil,AMRO,2018,"Malaria Vaccine (RTS,S)",No
BRA,Brazil,AMRO,2019,"Malaria Vaccine (RTS,S)",No
BRA,Brazil,AMRO,2020,"Malaria Vaccine (RTS,S)",No
BRA,Brazil,AMRO,2021,"Malaria Vaccine (RTS,S)",No
BRA,Brazil,AMRO,2022,"Malaria Vaccine (RTS,S)",No
BRA,Brazil,AMRO,2023,"Malaria Vaccine (RTS,S)",No
BRA,Brazil,AMRO,2024,"Malaria Vaccine (RTS,S)",Partial
NGA,Nigeria,AFRO,2010,Rotavirus vaccine,No
NGA,Nigeria,AFRO,2011,Rotavirus vaccine,No
NGA,Nigeria,AFRO,2012,Rotavirus vaccine,No
NGA,Nigeria,AFRO,2013,Rotavirus vaccine,No
NGA,Nigeria,AFRO,2014,Rotavirus vaccine,No
NGA,Nigeria,AFRO,2015,Rotavirus vaccine,No
NGA,Nigeria,AFRO,2016,Rotavirus vaccine,Partial
NGA,Nigeria,AFRO,2017,Rotavirus vaccine,Yes
NGA,Nigeria,AFRO,2018,Rotavirus vaccine,Yes
NGA,Nigeria,AFRO,2019,Rotavirus vaccine,Yes
NGA,Nigeria,AFRO,2020,Rotavirus vaccine,Yes
NGA,Nigeria,AFRO,2021,Rotavirus vaccine,Yes
NGA,Nigeria,AFRO,2022,Rotavirus vaccine,Yes
NGA,Nigeria,AFRO,2023,Rotavirus vaccine,Yes
NGA,Nigeria,AFRO,2024,Rotavirus vaccine,Yes
NGA,Nigeria,AFRO,2010,IPV - Inactivated Polio Vaccine,No
NGA,Nigeria,AFRO,2011,IPV - Inactivated Polio Vaccine,No
NGA,Nigeria,AFRO,2012,IPV - Inactivated Polio Vaccine,No
NGA,Nigeria,AFRO,2013,IPV - Inactivated Polio Vaccine,No
NGA,Nigeria,AFRO,2014,IPV - Inactivated Polio Vaccine,No
NGA,Nigeria,AFRO,2015,IPV - Inactivated Polio Vaccine,No
NGA,Nigeria,AFRO,2016,IPV - Inactivated Polio Vaccine,No
NGA,Nigeria,AFRO,2017,IPV - Inactivated Polio Vaccine,No
NGA,Nigeria,AFRO,2018,IPV - Inactivated Polio Vaccine,No
NGA,Nigeria,AFRO,2019,IPV - Inactivated Polio Vaccine,Partial
NGA,Nigeria,AFRO,2020,IPV - Inactivated Polio Vaccine,Yes
NGA,Nigeria,AFRO,2021,IPV - Inactivated Polio Vaccine,Yes
NGA,Nigeria,AFRO,2022,IPV - Inactivated Polio Vaccine,Yes
NGA,Nigeria,AFRO,2023,IPV - Inactivated Polio Vaccine,Yes
NGA,Nigeria,AFRO,2024,IPV - Inactivated Polio Vaccine,Yes
NGA,Nigeria,AFRO,2010,HPV - Human Papillomavirus Vaccine,No
NGA,Nigeria,AFRO,2011,HPV - Human Papillomavirus Vaccine,No
NGA,Nigeria,AFRO,2012,HPV - Human Papillomavirus Vaccine,No
NGA,Nigeria,AFRO,2013,HPV - Human Papillomavirus Vaccine,No
NGA,Nigeria,AFRO,2014,HPV - Human Papillomavirus Vaccine,No
NGA,Nigeria,AFRO,2015,HPV - Human Papillomavirus Vaccine,No
NGA,Nigeria,AFRO,2016,HPV - Human Papillomavirus Vaccine,No
NGA,Nigeria,AFRO,2017,HPV - Human Papillomavirus Vaccine,No
NGA,Nigeria,AFRO,2018,HPV - Human Papillomavirus Vaccine,Partial
NGA,Nigeria,AFRO,2019,HPV - Human Papillomavirus Vaccine,Yes
NGA,Nigeria,AFRO,2020,HPV - Human Papillomavirus Vaccine,Yes
NGA,Nigeria,AFRO,2021,HPV - Human Papillomavirus Vaccine,Yes
NGA,Nigeria,AFRO,2022,HPV - Human Papillomavirus Vaccine,Yes
NGA,Nigeria,AFRO,2023,HPV - Human Papillomavirus Vaccine,Yes
NGA,Nigeria,AFRO,2024,HPV - Human Papillomavirus Vaccine,Yes
NGA,Nigeria,AFRO,2010,Pneumococcal Conjugate Vaccine (PCV),No
NGA,Nigeria,AFRO,2011,Pneumococcal Conjugate Vaccine (PCV),No
NGA,Nigeria,AFRO,2012,Pneumococcal Conjugate Vaccine (PCV),No
NGA,Nigeria,AFRO,2013,Pneumococcal Conjugate Vaccine (PCV),No
NGA,Nigeria,AFRO,2014,Pneumococcal Conjugate Vaccine (PCV),No
NGA,Nigeria,AFRO,2015,Pneumococcal Conjugate Vaccine (PCV),Partial
NGA,Nigeria,AFRO,2016,Pneumococcal Conjugate Vaccine (PCV),Yes
NGA,Nigeria,AFRO,2017,Pneumococcal Conjugate Vaccine (PCV),Yes
NGA,Nigeria,AFRO,2018,Pneumococcal Conjugate Vaccine (PCV),Yes
NGA,Nigeria,AFRO,2019,Pneumococcal Conjugate Vaccine (PCV),Yes
NGA,Nigeria,AFRO,2020,Pneumococcal Conjugate Vaccine (PCV),Yes
NGA,Nigeria,AFRO,2021,Pneumococcal Conjugate Vaccine (PCV),Yes
NGA,Nigeria,AFRO,2022,Pneumococcal Conjugate Vaccine (PCV),Yes
NGA,Nigeria,AFRO,2023,Pneumococcal Conjugate Vaccine (PCV),Yes
NGA,Nigeria,AFRO,2024,Pneumococcal Conjugate Vaccine (PCV),Yes
NGA,Nigeria,AFRO,2010,COVID-19 Vaccine,No
NGA,Nigeria,AFRO,2011,COVID-19 Vaccine,No
NGA,Nigeria,AFRO,2012,COVID-19 Vaccine,No
NGA,Nigeria,AFRO,2013,COVID-19 Vaccine,No
NGA,Nigeria,AFRO,2014,COVID-19 Vaccine,No
NGA,Nigeria,AFRO,2015,COVID-19 Vaccine,No
NGA,Nigeria,AFRO,2016,COVID-19 Vaccine,No
NGA,Nigeria,AFRO,2017,COVID-19 Vaccine,No
NGA,Nigeria,AFRO,2018,COVID-19 Vaccine,No
NGA,Nigeria,AFRO,2019,COVID-19 Vaccine,No
NGA,Nigeria,AFRO,2020,COVID-19 Vaccine,No
NGA,Nigeria,AFRO,2021,COVID-19 Vaccine,No
NGA,Nigeria,AFRO,2022,COVID-19 Vaccine,No
NGA,Nigeria,AFRO,2023,COVID-19 Vaccine,No
NGA,Nigeria,AFRO,2024,COVID-19 Vaccine,No
NGA,Nigeria,AFRO,2010,"Malaria Vaccine (RTS,S)",No
NGA,Nigeria,AFRO,2011,"Malaria Vaccine (RTS,S)",No
NGA,Nigeria,AFRO,2012,"Malaria Vaccine (RTS,S)",No
NGA,Nigeria,AFRO,2013,"Malaria Vaccine (RTS,S)",No
NGA,Nigeria,AFRO,2014,"Malaria Vaccine (RTS,S)",No
NGA,Nigeria,AFRO,2015,"Malaria Vaccine (RTS,S)",No
NGA,Nigeria,AFRO,2016,"Malaria Vaccine (RTS,S)",No
NGA,Nigeria,AFRO,2017,"Malaria Vaccine (RTS,S)",No
NGA,Nigeria,AFRO,2018,"Malaria Vaccine (RTS,S)",No
NGA,Nigeria,AFRO,2019,"Malaria Vaccine (RTS,S)",No
NGA,Nigeria,AFRO,2020,"Malaria Vaccine (RTS,S)",No
NGA,Nigeria,AFRO,2021,"Malaria Vaccine (RTS,S)",No
NGA,Nigeria,AFRO,2022,"Malaria Vaccine (RTS,S)",No
NGA,Nigeria,AFRO,2023,"Malaria Vaccine (RTS,S)",No
NGA,Nigeria,AFRO,2024,"Malaria Vaccine (RTS,S)",No
DEU,Germany,EURO,2010,Rotavirus vaccine,No
DEU,Germany,EURO,2011,Rotavirus vaccine,No
DEU,Germany,EURO,2012,Rotavirus vaccine,Partial
DEU,Germany,EURO,2013,Rotavirus vaccine,Yes
DEU,Germany,EURO,2014,Rotavirus vaccine,Yes
DEU,Germany,EURO,2015,Rotavirus vaccine,Yes
DEU,Germany,EURO,2016,Rotavirus vaccine,Yes
DEU,Germany,EURO,2017,Rotavirus vaccine,Yes
DEU,Germany,EURO,2018,Rotavirus vaccine,Yes
DEU,Germany,EURO,2019,Rotavirus vaccine,Yes
DEU,Germany,EURO,2020,Rotavirus vaccine,Yes
DEU,Germany,EURO,2021,Rotavirus vaccine,Yes
DEU,Germany,EURO,2022,Rotavirus vaccine,Yes
DEU,Germany,EURO,2023,Rotavirus vaccine,Yes
DEU,Germany,EURO,2024,Rotavirus vaccine,Yes
DEU,Germany,EURO,2010,IPV - Inactivated Polio Vaccine,No
DEU,Germany,EURO,2011,IPV - Inactivated Polio Vaccine,No
DEU,Germany,EURO,2012,IPV - Inactivated Polio Vaccine,No
DEU,Germany,EURO,2013,IPV - Inactivated Polio Vaccine,No
DEU,Germany,EURO,2014,IPV - Inactivated Polio Vaccine,No
DEU,Germany,EURO,2015,IPV - Inactivated Polio Vaccine,Partial
DEU,Germany,EURO,2016,IPV - Inactivated Polio Vaccine,Yes
DEU,Germany,EURO,2017,IPV - Inactivated Polio Vaccine,Yes
DEU,Germany,EURO,2018,IPV - Inactivated Polio Vaccine,Yes
DEU,Germany,EURO,2019,IPV - Inactivated Polio Vaccine,Yes
DEU,Germany,EURO,2020,IPV - Inactivated Polio Vaccine,Yes
DEU,Germany,EURO,2021,IPV - Inactivated Polio Vaccine,Yes
DEU,Germany,EURO,2022,IPV - Inactivated Polio Vaccine,Yes
DEU,Germany,EURO,2023,IPV - Inactivated Polio Vaccine,Yes
DEU,Germany,EURO,2024,IPV - Inactivated Polio Vaccine,Yes
DEU,Germany,EURO,2010,HPV - Human Papillomavirus Vaccine,No
DEU,Germany,EURO,2011,HPV - Human Papillomavirus Vaccine,No
DEU,Germany,EURO,2012,HPV - Human Papillomavirus Vaccine,No
DEU,Germany,EURO,2013,HPV - Human Papillomavirus Vaccine,No
DEU,Germany,EURO,2014,HPV - Human Papillomavirus Vaccine,Partial
DEU,Germany,EURO,2015,HPV - Human Papillomavirus Vaccine,Yes
DEU,Germany,EURO,2016,HPV - Human Papillomavirus Vaccine,Yes
DEU,Germany,EURO,2017,HPV - Human Papillomavirus Vaccine,Yes
DEU,Germany,EURO,2018,HPV - Human Papillomavirus Vaccine,Yes
DEU,Germany,EURO,2019,HPV - Human Papillomavirus Vaccine,Yes
DEU,Germany,EURO,2020,HPV - Human Papillomavirus Vaccine,Yes
DEU,Germany,EURO,2021,HPV - Human Papillomavirus Vaccine,Yes
DEU,Germany,EURO,2022,HPV - Human Papillomavirus Vaccine,Yes
DEU,Germany,EURO,2023,HPV - Human Papillomavirus Vaccine,Yes
DEU,Germany,EURO,2024,HPV - Human Papillomavirus Vaccine,Yes
DEU,Germany,EURO,2010,Pneumococcal Conjugate Vaccine (PCV),No
DEU,Germany,EURO,2011,Pneumococcal Conjugate Vaccine (PCV),Partial
DEU,Germany,EURO,2012,Pneumococcal Conjugate Vaccine (PCV),Yes
DEU,Germany,EURO,2013,Pneumococcal Conjugate Vaccine (PCV),Yes
DEU,Germany,EURO,2014,Pneumococcal Conjugate Vaccine (PCV),Yes
DEU,Germany,EURO,2015,Pneumococcal Conjugate Vaccine (PCV),Yes
DEU,Germany,EURO,2016,Pneumococcal Conjugate Vaccine (PCV),Yes
DEU,Germany,EURO,2017,Pneumococcal Conjugate Vaccine (PCV),Yes
DEU,Germany,EURO,2018,Pneumococcal Conjugate Vaccine (PCV),Yes
DEU,Germany,EURO,2019,Pneumococcal Conjugate Vaccine (PCV),Yes
DEU,Germany,EURO,2020,Pneumococcal Conjugate Vaccine (PCV),Yes
DEU,Germany,EURO,2021,Pneumococcal Conjugate Vaccine (PCV),Yes
DEU,Germany,EURO,2022,Pneumococcal Conjugate Vaccine (PCV),Yes
DEU,Germany,EURO,2023,Pneumococcal Conjugate Vaccine (PCV),Yes
DEU,Germany,EURO,2024,Pneumococcal Conjugate Vaccine (PCV),Yes
DEU,Germany,EURO,2010,COVID-19 Vaccine,No
DEU,Germany,EURO,2011,COVID-19 Vaccine,No
DEU,Germany,EURO,2012,COVID-19 Vaccine,No
DEU,Germany,EURO,2013,COVID-19 Vaccine,No
DEU,Germany,EURO,2014,COVID-19 Vaccine,No
DEU,Germany,EURO,2015,COVID-19 Vaccine,No
DEU,Germany,EURO,2016,COVID-19 Vaccine,No
DEU,Germany,EURO,2017,COVID-19 Vaccine,No
DEU,Germany,EURO,2018,COVID-19 Vaccine,No
DEU,Germany,EURO,2019,COVID-19 Vaccine,No
DEU,Germany,EURO,2020,COVID-19 Vaccine,No
DEU,Germany,EURO,2021,COVID-19 Vaccine,Partial
DEU,Germany,EURO,2022,COVID-19 Vaccine,Yes
DEU,Germany,EURO,2023,COVID-19 Vaccine,Yes
DEU,Germany,EURO,2024,COVID-19 Vaccine,Yes
DEU,Germany,EURO,2010,"Malaria Vaccine (RTS,S)",No
DEU,Germany,EURO,2011,"Malaria Vaccine (RTS,S)",No
DEU,Germany,EURO,2012,"Malaria Vaccine (RTS,S)",No
DEU,Germany,EURO,2013,"Malaria Vaccine (RTS,S)",No
DEU,Germany,EURO,2014,"Malaria Vaccine (RTS,S)",No
DEU,Germany,EURO,2015,"Malaria Vaccine (RTS,S)",No
DEU,Germany,EURO,2016,"Malaria Vaccine (RTS,S)",No
DEU,Germany,EURO,2017,"Malaria Vaccine (RTS,S)",No
DEU,Germany,EURO,2018,"Malaria Vaccine (RTS,S)",No
DEU,Germany,EURO,2019,"Malaria Vaccine (RTS,S)",No
DEU,Germany,EURO,2020,"Malaria Vaccine (RTS,S)",No
DEU,Germany,EURO,2021,"Malaria Vaccine (RTS,S)",No
DEU,Germany,EURO,2022,"Malaria Vaccine (RTS,S)",Partial
DEU,Germany,EURO,2023,"Malaria Vaccine (RTS,S)",Yes
DEU,Germany,EURO,2024,"Malaria Vaccine (RTS,S)",Yes
CHN,China,WPRO,2010,Rotavirus vaccine,No
CHN,China,WPRO,2011,Rotavirus vaccine,No
CHN,China,WPRO,2012,Rotavirus vaccine,No
CHN,China,WPRO,2013,Rotavirus vaccine,No
CHN,China,WPRO,2014,Rotavirus vaccine,Partial
CHN,China,WPRO,2015,Rotavirus vaccine,Yes
CHN,China,WPRO,2016,Rotavirus vaccine,Yes
CHN,China,WPRO,2017,Rotavirus vaccine,Yes
CHN,China,WPRO,2018,Rotavirus vaccine,Yes
CHN,China,WPRO,2019,Rotavirus vaccine,Yes
CHN,China,WPRO,2020,Rotavirus vaccine,Yes
CHN,China,WPRO,2021,Rotavirus vaccine,Yes
CHN,China,WPRO,2022,Rotavirus vaccine,Yes
CHN,China,WPRO,2023,Rotavirus vaccine,Yes
CHN,China,WPRO,2024,Rotavirus vaccine,Yes
CHN,China,WPRO,2010,IPV - Inactivated Polio Vaccine,No
CHN,China,WPRO,2011,IPV - Inactivated Polio Vaccine,No
CHN,China,WPRO,2012,IPV - Inactivated Polio Vaccine,No
CHN,China,WPRO,2013,IPV - Inactivated Polio Vaccine,No
CHN,China,WPRO,2014,IPV - Inactivated Polio Vaccine,No
CHN,China,WPRO,2015,IPV - Inactivated Polio Vaccine,No
CHN,China,WPRO,2016,IPV - Inactivated Polio Vaccine,No
CHN,China,WPRO,2017,IPV - Inactivated Polio Vaccine,Partial
CHN,China,WPRO,2018,IPV - Inactivated Polio Vaccine,Yes
CHN,China,WPRO,2019,IPV - Inactivated Polio Vaccine,Yes
CHN,China,WPRO,2020,IPV - Inactivated Polio Vaccine,Yes
CHN,China,WPRO,2021,IPV - Inactivated Polio Vaccine,Yes
CHN,China,WPRO,2022,IPV - Inactivated Polio Vaccine,Yes
CHN,China,WPRO,2023,IPV - Inactivated Polio Vaccine,Yes
CHN,China,WPRO,2024,IPV - Inactivated Polio Vaccine,Yes
CHN,China,WPRO,2010,HPV - Human Papillomavirus Vaccine,No
CHN,China,WPRO,2011,HPV - Human Papillomavirus Vaccine,No
CHN,China,WPRO,2012,HPV - Human Papillomavirus Vaccine,No
CHN,China,WPRO,2013,HPV - Human Papillomavirus Vaccine,No
CHN,China,WPRO,2014,HPV - Human Papillomavirus Vaccine,No
CHN,China,WPRO,2015,HPV - Human Papillomavirus Vaccine,No
CHN,China,WPRO,2016,HPV - Human Papillomavirus Vaccine,Partial
CHN,China,WPRO,2017,HPV - Human Papillomavirus Vaccine,Yes
CHN,China,WPRO,2018,HPV - Human Papillomavirus Vaccine,Yes
CHN,China,WPRO,2019,HPV - Human Papillomavirus Vaccine,Yes
CHN,China,WPRO,2020,HPV - Human Papillomavirus Vaccine,Yes
CHN,China,WPRO,2021,HPV - Human Papillomavirus Vaccine,Yes
CHN,China,WPRO,2022,HPV - Human Papillomavirus Vaccine,Yes
CHN,China,WPRO,2023,HPV - Human Papillomavirus Vaccine,Yes
CHN,China,WPRO,2024,HPV - Human Papillomavirus Vaccine,Yes
CHN,China,WPRO,2010,Pneumococcal Conjugate Vaccine (PCV),No
CHN,China,WPRO,2011,Pneumococcal Conjugate Vaccine (PCV),No
CHN,China,WPRO,2012,Pneumococcal Conjugate Vaccine (PCV),No
CHN,China,WPRO,2013,Pneumococcal Conjugate Vaccine (PCV),Partial
CHN,China,WPRO,2014,Pneumococcal Conjugate Vaccine (PCV),Yes
CHN,China,WPRO,2015,Pneumococcal Conjugate Vaccine (PCV),Yes
CHN,China,WPRO,2016,Pneumococcal Conjugate Vaccine (PCV),Yes
CHN,China,WPRO,2017,Pneumococcal Conjugate Vaccine (PCV),Yes
CHN,China,WPRO,2018,Pneumococcal Conjugate Vaccine (PCV),Yes
CHN,China,WPRO,2019,Pneumococcal Conjugate Vaccine (PCV),Yes
CHN,China,WPRO,2020,Pneumococcal Conjugate Vaccine (PCV),Yes
CHN,China,WPRO,2021,Pneumococcal Conjugate Vaccine (PCV),Yes
CHN,China,WPRO,2022,Pneumococcal Conjugate Vaccine (PCV),Yes
CHN,China,WPRO,2023,Pneumococcal Conjugate Vaccine (PCV),Yes
CHN,China,WPRO,2024,Pneumococcal Conjugate Vaccine (PCV),Yes
CHN,China,WPRO,2010,COVID-19 Vaccine,No
CHN,China,WPRO,2011,COVID-19 Vaccine,No
CHN,China,WPRO,2012,COVID-19 Vaccine,No
CHN,China,WPRO,2013,COVID-19 Vaccine,No
CHN,China,WPRO,2014,COVID-19 Vaccine,No
CHN,China,WPRO,2015,COVID-19 Vaccine,No
CHN,China,WPRO,2016,COVID-19 Vaccine,No
CHN,China,WPRO,2017,COVID-19 Vaccine,No
CHN,China,WPRO,2018,COVID-19 Vaccine,No
CHN,China,WPRO,2019,COVID-19 Vaccine,No
CHN,China,WPRO,2020,COVID-19 Vaccine,No
CHN,China,WPRO,2021,COVID-19 Vaccine,No
CHN,China,WPRO,2022,COVID-19 Vaccine,No
CHN,China,WPRO,2023,COVID-19 Vaccine,Partial
CHN,China,WPRO,2024,COVID-19 Vaccine,Yes
CHN,China,WPRO,2010,"Malaria Vaccine (RTS,S)",No
CHN,China,WPRO,2011,"Malaria Vaccine (RTS,S)",No
CHN,China,WPRO,2012,"Malaria Vaccine (RTS,S)",No
CHN,China,WPRO,2013,"Malaria Vaccine (RTS,S)",No
CHN,China,WPRO,2014,"Malaria Vaccine (RTS,S)",No
CHN,China,WPRO,2015,"Malaria Vaccine (RTS,S)",No
CHN,China,WPRO,2016,"Malaria Vaccine (RTS,S)",No
CHN,China,WPRO,2017,"Malaria Vaccine (RTS,S)",No
CHN,China,WPRO,2018,"Malaria Vaccine (RTS,S)",No
CHN,China,WPRO,2019,"Malaria Vaccine (RTS,S)",No
CHN,China,WPRO,2020,"Malaria Vaccine (RTS,S)",No
CHN,China,WPRO,2021,"Malaria Vaccine (RTS,S)",No
CHN,China,WPRO,2022,"Malaria Vaccine (RTS,S)",No
CHN,China,WPRO,2023,"Malaria Vaccine (RTS,S)",No
CHN,China,WPRO,2024,"Malaria Vaccine (RTS,S)",Partial
KEN,Kenya,AFRO,2010,Rotavirus vaccine,No
KEN,Kenya,AFRO,2011,Rotavirus vaccine,No
KEN,Kenya,AFRO,2012,Rotavirus vaccine,No
KEN,Kenya,AFRO,2013,Rotavirus vaccine,No
KEN,Kenya,AFRO,2014,Rotavirus vaccine,No
KEN,Kenya,AFRO,2015,Rotavirus vaccine,No
KEN,Kenya,AFRO,2016,Rotavirus vaccine,Partial
KEN,Kenya,AFRO,2017,Rotavirus vaccine,Yes
KEN,Kenya,AFRO,2018,Rotavirus vaccine,Yes
KEN,Kenya,AFRO,2019,Rotavirus vaccine,Yes
KEN,Kenya,AFRO,2020,Rotavirus vaccine,Yes
KEN,Kenya,AFRO,2021,Rotavirus vaccine,Yes
KEN,Kenya,AFRO,2022,Rotavirus vaccine,Yes
KEN,Kenya,AFRO,2023,Rotavirus vaccine,Yes
KEN,Kenya,AFRO,2024,Rotavirus vaccine,Yes
KEN,Kenya,AFRO,2010,IPV - Inactivated Polio Vaccine,No
KEN,Kenya,AFRO,2011,IPV - Inactivated Polio Vaccine,No
KEN,Kenya,AFRO,2012,IPV - Inactivated Polio Vaccine,No
KEN,Kenya,AFRO,2013,IPV - Inactivated Polio Vaccine,No
KEN,Kenya,AFRO,2014,IPV - Inactivated Polio Vaccine,No
KEN,Kenya,AFRO,2015,IPV - Inactivated Polio Vaccine,No
KEN,Kenya,AFRO,2016,IPV - Inactivated Polio Vaccine,No
KEN,Kenya,AFRO,2017,IPV - Inactivated Polio Vaccine,No
KEN,Kenya,AFRO,2018,IPV - Inactivated Polio Vaccine,No
KEN,Kenya,AFRO,2019,IPV - Inactivated Polio Vaccine,Partial
KEN,Kenya,AFRO,2020,IPV - Inactivated Polio Vaccine,Yes
KEN,Kenya,AFRO,2021,IPV - Inactivated Polio Vaccine,Yes
KEN,Kenya,AFRO,2022,IPV - Inactivated Polio Vaccine,Yes
KEN,Kenya,AFRO,2023,IPV - Inactivated Polio Vaccine,Yes
KEN,Kenya,AFRO,2024,IPV - Inactivated Polio Vaccine,Yes
KEN,Kenya,AFRO,2010,HPV - Human Papillomavirus Vaccine,No
KEN,Kenya,AFRO,2011,HPV - Human Papillomavirus Vaccine,No
KEN,Kenya,AFRO,2012,HPV - Human Papillomavirus Vaccine,No
KEN,Kenya,AFRO,2013,HPV - Human Papillomavirus Vaccine,No
KEN,Kenya,AFRO,2014,HPV - Human Papillomavirus Vaccine,No
KEN,Kenya,AFRO,2015,HPV - Human Papillomavirus Vaccine,No
KEN,Kenya,AFRO,2016,HPV - Human Papillomavirus Vaccine,No
KEN,Kenya,AFRO,2017,HPV - Human Papillomavirus Vaccine,No
KEN,Kenya,AFRO,2018,HPV - Human Papillomavirus Vaccine,Partial
KEN,Kenya,AFRO,2019,HPV - Human Papillomavirus Vaccine,Yes
KEN,Kenya,AFRO,2020,HPV - Human Papillomavirus Vaccine,Yes
KEN,Kenya,AFRO,2021,HPV - Human Papillomavirus Vaccine,Yes
KEN,Kenya,AFRO,2022,HPV - Human Papillomavirus Vaccine,Yes
KEN,Kenya,AFRO,2023,HPV - Human Papillomavirus Vaccine,Yes
KEN,Kenya,AFRO,2024,HPV - Human Papillomavirus Vaccine,Yes
KEN,Kenya,AFRO,2010,Pneumococcal Conjugate Vaccine (PCV),No
KEN,Kenya,AFRO,2011,Pneumococcal Conjugate Vaccine (PCV),No
KEN,Kenya,AFRO,2012,Pneumococcal Conjugate Vaccine (PCV),No
KEN,Kenya,AFRO,2013,Pneumococcal Conjugate Vaccine (PCV),No
KEN,Kenya,AFRO,2014,Pneumococcal Conjugate Vaccine (PCV),No
KEN,Kenya,AFRO,2015,Pneumococcal Conjugate Vaccine (PCV),Partial
KEN,Kenya,AFRO,2016,Pneumococcal Conjugate Vaccine (PCV),Yes
KEN,Kenya,AFRO,2017,Pneumococcal Conjugate Vaccine (PCV),Yes
KEN,Kenya,AFRO,2018,Pneumococcal Conjugate Vaccine (PCV),Yes
KEN,Kenya,AFRO,2019,Pneumococcal Conjugate Vaccine (PCV),Yes
KEN,Kenya,AFRO,2020,Pneumococcal Conjugate Vaccine (PCV),Yes
KEN,Kenya,AFRO,2021,Pneumococcal Conjugate Vaccine (PCV),Yes
KEN,Kenya,AFRO,2022,Pneumococcal Conjugate Vaccine (PCV),Yes
KEN,Kenya,AFRO,2023,Pneumococcal Conjugate Vaccine (PCV),Yes
KEN,Kenya,AFRO,2024,Pneumococcal Conjugate Vaccine (PCV),Yes
KEN,Kenya,AFRO,2010,COVID-19 Vaccine,No
KEN,Kenya,AFRO,2011,COVID-19 Vaccine,No
KEN,Kenya,AFRO,2012,COVID-19 Vaccine,No
KEN,Kenya,AFRO,2013,COVID-19 Vaccine,No
KEN,Kenya,AFRO,2014,COVID-19 Vaccine,No
KEN,Kenya,AFRO,2015,COVID-19 Vaccine,No
KEN,Kenya,AFRO,2016,COVID-19 Vaccine,No
KEN,Kenya,AFRO,2017,COVID-19 Vaccine,No
KEN,Kenya,AFRO,2018,COVID-19 Vaccine,No
KEN,Kenya,AFRO,2019,COVID-19 Vaccine,No
KEN,Kenya,AFRO,2020,COVID-19 Vaccine,No
KEN,Kenya,AFRO,2021,COVID-19 Vaccine,No
KEN,Kenya,AFRO,2022,COVID-19 Vaccine,No
KEN,Kenya,AFRO,2023,COVID-19 Vaccine,No
KEN,Kenya,AFRO,2024,COVID-19 Vaccine,No
KEN,Kenya,AFRO,2010,"Malaria Vaccine (RTS,S)",No
KEN,Kenya,AFRO,2011,"Malaria Vaccine (RTS,S)",No
KEN,Kenya,AFRO,2012,"Malaria Vaccine (RTS,S)",No
KEN,Kenya,AFRO,2013,"Malaria Vaccine (RTS,S)",No
KEN,Kenya,AFRO,2014,"Malaria Vaccine (RTS,S)",No
KEN,Kenya,AFRO,2015,"Malaria Vaccine (RTS,S)",No
KEN,Kenya,AFRO,2016,"Malaria Vaccine (RTS,S)",No
KEN,Kenya,AFRO,2017,"Malaria Vaccine (RTS,S)",No
KEN,Kenya,AFRO,2018,"Malaria Vaccine (RTS,S)",No
KEN,Kenya,AFRO,2019,"Malaria Vaccine (RTS,S)",No
KEN,Kenya,AFRO,2020,"Malaria Vaccine (RTS,S)",No
KEN,Kenya,AFRO,2021,"Malaria Vaccine (RTS,S)",No
KEN,Kenya,AFRO,2022,"Malaria Vaccine (RTS,S)",No
KEN,Kenya,AFRO,2023,"Malaria Vaccine (RTS,S)",No
KEN,Kenya,AFRO,2024,"Malaria Vaccine (RTS,S)",No
IDN,Indonesia,SEARO,2010,Rotavirus vaccine,No
IDN,Indonesia,SEARO,2011,Rotavirus vaccine,No
IDN,Indonesia,SEARO,2012,Rotavirus vaccine,No
IDN,Indonesia,SEARO,2013,Rotavirus vaccine,No
IDN,Indonesia,SEARO,2014,Rotavirus vaccine,Partial
IDN,Indonesia,SEARO,2015,Rotavirus vaccine,Yes
IDN,Indonesia,SEARO,2016,Rotavirus vaccine,Yes
IDN,Indonesia,SEARO,2017,Rotavirus vaccine,Yes
IDN,Indonesia,SEARO,2018,Rotavirus vaccine,Yes
IDN,Indonesia,SEARO,2019,Rotavirus vaccine,Yes
IDN,Indonesia,SEARO,2020,Rotavirus vaccine,Yes
IDN,Indonesia,SEARO,2021,Rotavirus vaccine,Yes
IDN,Indonesia,SEARO,2022,Rotavirus vaccine,Yes
IDN,Indonesia,SEARO,2023,Rotavirus vaccine,Yes
IDN,Indonesia,SEARO,2024,Rotavirus vaccine,Yes
IDN,Indonesia,SEARO,2010,IPV - Inactivated Polio Vaccine,No
IDN,Indonesia,SEARO,2011,IPV - Inactivated Polio Vaccine,No
IDN,Indonesia,SEARO,2012,IPV - Inactivated Polio Vaccine,No
IDN,Indonesia,SEARO,2013,IPV - Inactivated Polio Vaccine,No
IDN,Indonesia,SEARO,2014,IPV - Inactivated Polio Vaccine,No
IDN,Indonesia,SEARO,2015,IPV - Inactivated Polio Vaccine,No
IDN,Indonesia,SEARO,2016,IPV - Inactivated Polio Vaccine,No
IDN,Indonesia,SEARO,2017,IPV - Inactivated Polio Vaccine,Partial
IDN,Indonesia,SEARO,2018,IPV - Inactivated Polio Vaccine,Yes
IDN,Indonesia,SEARO,2019,IPV - Inactivated Polio Vaccine,Yes
IDN,Indonesia,SEARO,2020,IPV - Inactivated Polio Vaccine,Yes
IDN,Indonesia,SEARO,2021,IPV - Inactivated Polio Vaccine,Yes
IDN,Indonesia,SEARO,2022,IPV - Inactivated Polio Vaccine,Yes
IDN,Indonesia,SEARO,2023,IPV - Inactivated Polio Vaccine,Yes
IDN,Indonesia,SEARO,2024,IPV - Inactivated Polio Vaccine,Yes
IDN,Indonesia,SEARO,2010,HPV - Human Papillomavirus Vaccine,No
IDN,Indonesia,SEARO,2011,HPV - Human Papillomavirus Vaccine,No
IDN,Indonesia,SEARO,2012,HPV - Human Papillomavirus Vaccine,No
IDN,Indonesia,SEARO,2013,HPV - Human Papillomavirus Vaccine,No
IDN,Indonesia,SEARO,2014,HPV - Human Papillomavirus Vaccine,No
IDN,Indonesia,SEARO,2015,HPV - Human Papillomavirus Vaccine,No
IDN,Indonesia,SEARO,2016,HPV - Human Papillomavirus Vaccine,Partial
IDN,Indonesia,SEARO,2017,HPV - Human Papillomavirus Vaccine,Yes
IDN,Indonesia,SEARO,2018,HPV - Human Papillomavirus Vaccine,Yes
IDN,Indonesia,SEARO,2019,HPV - Human Papillomavirus Vaccine,Yes
IDN,Indonesia,SEARO,2020,HPV - Human Papillomavirus Vaccine,Yes
IDN,Indonesia,SEARO,2021,HPV - Human Papillomavirus Vaccine,Yes
IDN,Indonesia,SEARO,2022,HPV - Human Papillomavirus Vaccine,Yes
IDN,Indonesia,SEARO,2023,HPV - Human Papillomavirus Vaccine,Yes
IDN,Indonesia,SEARO,2024,HPV - Human Papillomavirus Vaccine,Yes
IDN,Indonesia,SEARO,2010,Pneumococcal Conjugate Vaccine (PCV),No
IDN,Indonesia,SEARO,2011,Pneumococcal Conjugate Vaccine (PCV),No
IDN,Indonesia,SEARO,2012,Pneumococcal Conjugate Vaccine (PCV),No
IDN,Indonesia,SEARO,2013,Pneumococcal Conjugate Vaccine (PCV),Partial
IDN,Indonesia,SEARO,2014,Pneumococcal Conjugate Vaccine (PCV),Yes
IDN,Indonesia,SEARO,2015,Pneumococcal Conjugate Vaccine (PCV),Yes
IDN,Indonesia,SEARO,2016,Pneumococcal Conjugate Vaccine (PCV),Yes
IDN,Indonesia,SEARO,2017,Pneumococcal Conjugate Vaccine (PCV),Yes
IDN,Indonesia,SEARO,2018,Pneumococcal Conjugate Vaccine (PCV),Yes
IDN,Indonesia,SEARO,2019,Pneumococcal Conjugate Vaccine (PCV),Yes
IDN,Indonesia,SEARO,2020,Pneumococcal Conjugate Vaccine (PCV),Yes
IDN,Indonesia,SEARO,2021,Pneumococcal Conjugate Vaccine (PCV),Yes
IDN,Indonesia,SEARO,2022,Pneumococcal Conjugate Vaccine (PCV),Yes
IDN,Indonesia,SEARO,2023,Pneumococcal Conjugate Vaccine (PCV),Yes
IDN,Indonesia,SEARO,2024,Pneumococcal Conjugate Vaccine (PCV),Yes
IDN,Indonesia,SEARO,2010,COVID-19 Vaccine,No
IDN,Indonesia,SEARO,2011,COVID-19 Vaccine,No
IDN,Indonesia,SEARO,2012,COVID-19 Vaccine,No
IDN,Indonesia,SEARO,2013,COVID-19 Vaccine,No
IDN,Indonesia,SEARO,2014,COVID-19 Vaccine,No
IDN,Indonesia,SEARO,2015,COVID-19 Vaccine,No
IDN,Indonesia,SEARO,2016,COVID-19 Vaccine,No
IDN,Indonesia,SEARO,2017,COVID-19 Vaccine,No
IDN,Indonesia,SEARO,2018,COVID-19 Vaccine,No
IDN,Indonesia,SEARO,2019,COVID-19 Vaccine,No
IDN,Indonesia,SEARO,2020,COVID-19 Vaccine,No
IDN,Indonesia,SEARO,2021,COVID-19 Vaccine,No
IDN,Indonesia,SEARO,2022,COVID-19 Vaccine,No
IDN,Indonesia,SEARO,2023,COVID-19 Vaccine,Partial
IDN,Indonesia,SEARO,2024,COVID-19 Vaccine,Yes
IDN,Indonesia,SEARO,2010,"Malaria Vaccine (RTS,S)",No
IDN,Indonesia,SEARO,2011,"Malaria Vaccine (RTS,S)",No
IDN,Indonesia,SEARO,2012,"Malaria Vaccine (RTS,S)",No
IDN,Indonesia,SEARO,2013,"Malaria Vaccine (RTS,S)",No
IDN,Indonesia,SEARO,2014,"Malaria Vaccine (RTS,S)",No
IDN,Indonesia,SEARO,2015,"Malaria Vaccine (RTS,S)",No
IDN,Indonesia,SEARO,2016,"Malaria Vaccine (RTS,S)",No
IDN,Indonesia,SEARO,2017,"Malaria Vaccine (RTS,S)",No
IDN,Indonesia,SEARO,2018,"Malaria Vaccine (RTS,S)",No
IDN,Indonesia,SEARO,2019,"Malaria Vaccine (RTS,S)",No
IDN,Indonesia,SEARO,2020,"Malaria Vaccine (RTS,S)",No
IDN,Indonesia,SEARO,2021,"Malaria Vaccine (RTS,S)",No
IDN,Indonesia,SEARO,2022,"Malaria Vaccine (RTS,S)",No
IDN,Indonesia,SEARO,2023,"Malaria Vaccine (RTS,S)",No
IDN,Indonesia,SEARO,2024,"Malaria Vaccine (RTS,S)",Partial
EGY,Egypt,EMRO,2010,Rotavirus vaccine,No
EGY,Egypt,EMRO,2011,Rotavirus vaccine,No
EGY,Egypt,EMRO,2012,Rotavirus vaccine,No
EGY,Egypt,EMRO,2013,Rotavirus vaccine,No
EGY,Egypt,EMRO,2014,Rotavirus vaccine,No
EGY,Egypt,EMRO,2015,Rotavirus vaccine,No
EGY,Egypt,EMRO,2016,Rotavirus vaccine,Partial
EGY,Egypt,EMRO,2017,Rotavirus vaccine,Yes
EGY,Egypt,EMRO,2018,Rotavirus vaccine,Yes
EGY,Egypt,EMRO,2019,Rotavirus vaccine,Yes
EGY,Egypt,EMRO,2020,Rotavirus vaccine,Yes
EGY,Egypt,EMRO,2021,Rotavirus vaccine,Yes
EGY,Egypt,EMRO,2022,Rotavirus vaccine,Yes
EGY,Egypt,EMRO,2023,Rotavirus vaccine,Yes
EGY,Egypt,EMRO,2024,Rotavirus vaccine,Yes
EGY,Egypt,EMRO,2010,IPV - Inactivated Polio Vaccine,No
EGY,Egypt,EMRO,2011,IPV - Inactivated Polio Vaccine,No
EGY,Egypt,EMRO,2012,IPV - Inactivated Polio Vaccine,No
EGY,Egypt,EMRO,2013,IPV - Inactivated Polio Vaccine,No
EGY,Egypt,EMRO,2014,IPV - Inactivated Polio Vaccine,No
EGY,Egypt,EMRO,2015,IPV - Inactivated Polio Vaccine,No
EGY,Egypt,EMRO,2016,IPV - Inactivated Polio Vaccine,No
EGY,Egypt,EMRO,2017,IPV - Inactivated Polio Vaccine,No
EGY,Egypt,EMRO,2018,IPV - Inactivated Polio Vaccine,No
EGY,Egypt,EMRO,2019,IPV - Inactivated Polio Vaccine,Partial
EGY,Egypt,EMRO,2020,IPV - Inactivated Polio Vaccine,Yes
EGY,Egypt,EMRO,2021,IPV - Inactivated Polio Vaccine,Yes
EGY,Egypt,EMRO,2022,IPV - Inactivated Polio Vaccine,Yes
EGY,Egypt,EMRO,2023,IPV - Inactivated Polio Vaccine,Yes
EGY,Egypt,EMRO,2024,IPV - Inactivated Polio Vaccine,Yes
EGY,Egypt,EMRO,2010,HPV - Human Papillomavirus Vaccine,No
EGY,Egypt,EMRO,2011,HPV - Human Papillomavirus Vaccine,No
EGY,Egypt,EMRO,2012,HPV - Human Papillomavirus Vaccine,No
EGY,Egypt,EMRO,2013,HPV - Human Papillomavirus Vaccine,No
EGY,Egypt,EMRO,2014,HPV - Human Papillomavirus Vaccine,No
EGY,Egypt,EMRO,2015,HPV - Human Papillomavirus Vaccine,No
EGY,Egypt,EMRO,2016,HPV - Human Papillomavirus Vaccine,No
EGY,Egypt,EMRO,2017,HPV - Human Papillomavirus Vaccine,No
EGY,Egypt,EMRO,2018,HPV - Human Papillomavirus Vaccine,Partial
EGY,Egypt,EMRO,2019,HPV - Human Papillomavirus Vaccine,Yes
EGY,Egypt,EMRO,2020,HPV - Human Papillomavirus Vaccine,Yes
EGY,Egypt,EMRO,2021,HPV - Human Papillomavirus Vaccine,Yes
EGY,Egypt,EMRO,2022,HPV - Human Papillomavirus Vaccine,Yes
EGY,Egypt,EMRO,2023,HPV - Human Papillomavirus Vaccine,Yes
EGY,Egypt,EMRO,2024,HPV - Human Papillomavirus Vaccine,Yes
EGY,Egypt,EMRO,2010,Pneumococcal Conjugate Vaccine (PCV),No
EGY,Egypt,EMRO,2011,Pneumococcal Conjugate Vaccine (PCV),No
EGY,Egypt,EMRO,2012,Pneumococcal Conjugate Vaccine (PCV),No
EGY,Egypt,EMRO,2013,Pneumococcal Conjugate Vaccine (PCV),No
EGY,Egypt,EMRO,2014,Pneumococcal Conjugate Vaccine (PCV),No
EGY,Egypt,EMRO,2015,Pneumococcal Conjugate Vaccine (PCV),Partial
EGY,Egypt,EMRO,2016,Pneumococcal Conjugate Vaccine (PCV),Yes
EGY,Egypt,EMRO,2017,Pneumococcal Conjugate Vaccine (PCV),Yes
EGY,Egypt,EMRO,2018,Pneumococcal Conjugate Vaccine (PCV),Yes
EGY,Egypt,EMRO,2019,Pneumococcal Conjugate Vaccine (PCV),Yes
EGY,Egypt,EMRO,2020,Pneumococcal Conjugate Vaccine (PCV),Yes
EGY,Egypt,EMRO,2021,Pneumococcal Conjugate Vaccine (PCV),Yes
EGY,Egypt,EMRO,2022,Pneumococcal Conjugate Vaccine (PCV),Yes
EGY,Egypt,EMRO,2023,Pneumococcal Conjugate Vaccine (PCV),Yes
EGY,Egypt,EMRO,2024,Pneumococcal Conjugate Vaccine (PCV),Yes
EGY,Egypt,EMRO,2010,COVID-19 Vaccine,No
EGY,Egypt,EMRO,2011,COVID-19 Vaccine,No
EGY,Egypt,EMRO,2012,COVID-19 Vaccine,No
EGY,Egypt,EMRO,2013,COVID-19 Vaccine,No
EGY,Egypt,EMRO,2014,COVID-19 Vaccine,No
EGY,Egypt,EMRO,2015,COVID-19 Vaccine,No
EGY,Egypt,EMRO,2016,COVID-19 Vaccine,No
EGY,Egypt,EMRO,2017,COVID-19 Vaccine,No
EGY,Egypt,EMRO,2018,COVID-19 Vaccine,No
EGY,Egypt,EMRO,2019,COVID-19 Vaccine,No
EGY,Egypt,EMRO,2020,COVID-19 Vaccine,No
EGY,Egypt,EMRO,2021,COVID-19 Vaccine,No
EGY,Egypt,EMRO,2022,COVID-19 Vaccine,No
EGY,Egypt,EMRO,2023,COVID-19 Vaccine,No
EGY,Egypt,EMRO,2024,COVID-19 Vaccine,No
EGY,Egypt,EMRO,2010,"Malaria Vaccine (RTS,S)",No
EGY,Egypt,EMRO,2011,"Malaria Vaccine (RTS,S)",No
EGY,Egypt,EMRO,2012,"Malaria Vaccine (RTS,S)",No
EGY,Egypt,EMRO,2013,"Malaria Vaccine (RTS,S)",No
EGY,Egypt,EMRO,2014,"Malaria Vaccine (RTS,S)",No
EGY,Egypt,EMRO,2015,"Malaria Vaccine (RTS,S)",No
EGY,Egypt,EMRO,2016,"Malaria Vaccine (RTS,S)",No
EGY,Egypt,EMRO,2017,"Malaria Vaccine (RTS,S)",No
EGY,Egypt,EMRO,2018,"Malaria Vaccine (RTS,S)",No
EGY,Egypt,EMRO,2019,"Malaria Vaccine (RTS,S)",No
EGY,Egypt,EMRO,2020,"Malaria Vaccine (RTS,S)",No
EGY,Egypt,EMRO,2021,"Malaria Vaccine (RTS,S)",No
EGY,Egypt,EMRO,2022,"Malaria Vaccine (RTS,S)",No
EGY,Egypt,EMRO,2023,"Malaria Vaccine (RTS,S)",No
EGY,Egypt,EMRO,2024,"Malaria Vaccine (RTS,S)",No
ZAF,South Africa,AFRO,2010,Rotavirus vaccine,No
ZAF,South Africa,AFRO,2011,Rotavirus vaccine,No
ZAF,South Africa,AFRO,2012,Rotavirus vaccine,No
ZAF,South Africa,AFRO,2013,Rotavirus vaccine,No
ZAF,South Africa,AFRO,2014,Rotavirus vaccine,Partial
ZAF,South Africa,AFRO,2015,Rotavirus vaccine,Yes
ZAF,South Africa,AFRO,2016,Rotavirus vaccine,Yes
ZAF,South Africa,AFRO,2017,Rotavirus vaccine,Yes
ZAF,South Africa,AFRO,2018,Rotavirus vaccine,Yes
ZAF,South Africa,AFRO,2019,Rotavirus vaccine,Yes
ZAF,South Africa,AFRO,2020,Rotavirus vaccine,Yes
ZAF,South Africa,AFRO,2021,Rotavirus vaccine,Yes
ZAF,South Africa,AFRO,2022,Rotavirus vaccine,Yes
ZAF,South Africa,AFRO,2023,Rotavirus vaccine,Yes
ZAF,South Africa,AFRO,2024,Rotavirus vaccine,Yes
ZAF,South Africa,AFRO,2010,IPV - Inactivated Polio Vaccine,No
ZAF,South Africa,AFRO,2011,IPV - Inactivated Polio Vaccine,No
ZAF,South Africa,AFRO,2012,IPV - Inactivated Polio Vaccine,No
ZAF,South Africa,AFRO,2013,IPV - Inactivated Polio Vaccine,No
ZAF,South Africa,AFRO,2014,IPV - Inactivated Polio Vaccine,No
ZAF,South Africa,AFRO,2015,IPV - Inactivated Polio Vaccine,No
ZAF,South Africa,AFRO,2016,IPV - Inactivated Polio Vaccine,No
ZAF,South Africa,AFRO,2017,IPV - Inactivated Polio Vaccine,Partial
ZAF,South Africa,AFRO,2018,IPV - Inactivated Polio Vaccine,Yes
ZAF,South Africa,AFRO,2019,IPV - Inactivated Polio Vaccine,Yes
ZAF,South Africa,AFRO,2020,IPV - Inactivated Polio Vaccine,Yes
ZAF,South Africa,AFRO,2021,IPV - Inactivated Polio Vaccine,Yes
ZAF,South Africa,AFRO,2022,IPV - Inactivated Polio Vaccine,Yes
ZAF,South Africa,AFRO,2023,IPV - Inactivated Polio Vaccine,Yes
ZAF,South Africa,AFRO,2024,IPV - Inactivated Polio Vaccine,Yes
ZAF,South Africa,AFRO,2010,HPV - Human Papillomavirus Vaccine,No
ZAF,South Africa,AFRO,2011,HPV - Human Papillomavirus Vaccine,No
ZAF,South Africa,AFRO,2012,HPV - Human Papillomavirus Vaccine,No
ZAF,South Africa,AFRO,2013,HPV - Human Papillomavirus Vaccine,No
ZAF,South Africa,AFRO,2014,HPV - Human Papillomavirus Vaccine,No
ZAF,South Africa,AFRO,2015,HPV - Human Papillomavirus Vaccine,No
ZAF,South Africa,AFRO,2016,HPV - Human Papillomavirus Vaccine,Partial
ZAF,South Africa,AFRO,2017,HPV - Human Papillomavirus Vaccine,Yes
ZAF,South Africa,AFRO,2018,HPV - Human Papillomavirus Vaccine,Yes
ZAF,South Africa,AFRO,2019,HPV - Human Papillomavirus Vaccine,Yes
ZAF,South Africa,AFRO,2020,HPV - Human Papillomavirus Vaccine,Yes
ZAF,South Africa,AFRO,2021,HPV - Human Papillomavirus Vaccine,Yes
ZAF,South Africa,AFRO,2022,HPV - Human Papillomavirus Vaccine,Yes
ZAF,South Africa,AFRO,2023,HPV - Human Papillomavirus Vaccine,Yes
ZAF,South Africa,AFRO,2024,HPV - Human Papillomavirus Vaccine,Yes
ZAF,South Africa,AFRO,2010,Pneumococcal Conjugate Vaccine (PCV),No
ZAF,South Africa,AFRO,2011,Pneumococcal Conjugate Vaccine (PCV),No
ZAF,South Africa,AFRO,2012,Pneumococcal Conjugate Vaccine (PCV),No
ZAF,South Africa,AFRO,2013,Pneumococcal Conjugate Vaccine (PCV),Partial
ZAF,South Africa,AFRO,2014,Pneumococcal Conjugate Vaccine (PCV),Yes
ZAF,South Africa,AFRO,2015,Pneumococcal Conjugate Vaccine (PCV),Yes
ZAF,South Africa,AFRO,2016,Pneumococcal Conjugate Vaccine (PCV),Yes
ZAF,South Africa,AFRO,2017,Pneumococcal Conjugate Vaccine (PCV),Yes
ZAF,South Africa,AFRO,2018,Pneumococcal Conjugate Vaccine (PCV),Yes
ZAF,South Africa,AFRO,2019,Pneumococcal Conjugate Vaccine (PCV),Yes
ZAF,South Africa,AFRO,2020,Pneumococcal Conjugate Vaccine (PCV),Yes
ZAF,South Africa,AFRO,2021,Pneumococcal Conjugate Vaccine (PCV),Yes
ZAF,South Africa,AFRO,2022,Pneumococcal Conjugate Vaccine (PCV),Yes
ZAF,South Africa,AFRO,2023,Pneumococcal Conjugate Vaccine (PCV),Yes
ZAF,South Africa,AFRO,2024,Pneumococcal Conjugate Vaccine (PCV),Yes
ZAF,South Africa,AFRO,2010,COVID-19 Vaccine,No
ZAF,South Africa,AFRO,2011,COVID-19 Vaccine,No
ZAF,South Africa,AFRO,2012,COVID-19 Vaccine,No
ZAF,South Africa,AFRO,2013,COVID-19 Vaccine,No
ZAF,South Africa,AFRO,2014,COVID-19 Vaccine,No
ZAF,South Africa,AFRO,2015,COVID-19 Vaccine,No
ZAF,South Africa,AFRO,2016,COVID-19 Vaccine,No
ZAF,South Africa,AFRO,2017,COVID-19 Vaccine,No
ZAF,South Africa,AFRO,2018,COVID-19 Vaccine,No
ZAF,South Africa,AFRO,2019,COVID-19 Vaccine,No
ZAF,South Africa,AFRO,2020,COVID-19 Vaccine,No
ZAF,South Africa,AFRO,2021,COVID-19 Vaccine,No
ZAF,South Africa,AFRO,2022,COVID-19 Vaccine,No
ZAF,South Africa,AFRO,2023,COVID-19 Vaccine,Partial
ZAF,South Africa,AFRO,2024,COVID-19 Vaccine,Yes
ZAF,South Africa,AFRO,2010,"Malaria Vaccine (RTS,S)",No
ZAF,South Africa,AFRO,2011,"Malaria Vaccine (RTS,S)",No
ZAF,South Africa,AFRO,2012,"Malaria Vaccine (RTS,S)",No
ZAF,South Africa,AFRO,2013,"Malaria Vaccine (RTS,S)",No
ZAF,South Africa,AFRO,2014,"Malaria Vaccine (RTS,S)",No
ZAF,South Africa,AFRO,2015,"Malaria Vaccine (RTS,S)",No
ZAF,South Africa,AFRO,2016,"Malaria Vaccine (RTS,S)",No
ZAF,South Africa,AFRO,2017,"Malaria Vaccine (RTS,S)",No
ZAF,South Africa,AFRO,2018,"Malaria Vaccine (RTS,S)",No
ZAF,South Africa,AFRO,2019,"Malaria Vaccine (RTS,S)",No
ZAF,South Africa,AFRO,2020,"Malaria Vaccine (RTS,S)",No
ZAF,South Africa,AFRO,2021,"Malaria Vaccine (RTS,S)",No
ZAF,South Africa,AFRO,2022,"Malaria Vaccine (RTS,S)",No
ZAF,South Africa,AFRO,2023,"Malaria Vaccine (RTS,S)",No
ZAF,South Africa,AFRO,2024,"Malaria Vaccine (RTS,S)",Partial
GBR,United Kingdom,EURO,2010,Rotavirus vaccine,No
GBR,United Kingdom,EURO,2011,Rotavirus vaccine,No
GBR,United Kingdom,EURO,2012,Rotavirus vaccine,Partial
GBR,United Kingdom,EURO,2013,Rotavirus vaccine,Yes
GBR,United Kingdom,EURO,2014,Rotavirus vaccine,Yes
GBR,United Kingdom,EURO,2015,Rotavirus vaccine,Yes
GBR,United Kingdom,EURO,2016,Rotavirus vaccine,Yes
GBR,United Kingdom,EURO,2017,Rotavirus vaccine,Yes
GBR,United Kingdom,EURO,2018,Rotavirus vaccine,Yes
GBR,United Kingdom,EURO,2019,Rotavirus vaccine,Yes
GBR,United Kingdom,EURO,2020,Rotavirus vaccine,Yes
GBR,United Kingdom,EURO,2021,Rotavirus vaccine,Yes
GBR,United Kingdom,EURO,2022,Rotavirus vaccine,Yes
GBR,United Kingdom,EURO,2023,Rotavirus vaccine,Yes
GBR,United Kingdom,EURO,2024,Rotavirus vaccine,Yes
GBR,United Kingdom,EURO,2010,IPV - Inactivated Polio Vaccine,No
GBR,United Kingdom,EURO,2011,IPV - Inactivated Polio Vaccine,No
GBR,United Kingdom,EURO,2012,IPV - Inactivated Polio Vaccine,No
GBR,United Kingdom,EURO,2013,IPV - Inactivated Polio Vaccine,No
GBR,United Kingdom,EURO,2014,IPV - Inactivated Polio Vaccine,No
GBR,United Kingdom,EURO,2015,IPV - Inactivated Polio Vaccine,Partial
GBR,United Kingdom,EURO,2016,IPV - Inactivated Polio Vaccine,Yes
GBR,United Kingdom,EURO,2017,IPV - Inactivated Polio Vaccine,Yes
GBR,United Kingdom,EURO,2018,IPV - Inactivated Polio Vaccine,Yes
GBR,United Kingdom,EURO,2019,IPV - Inactivated Polio Vaccine,Yes
GBR,United Kingdom,EURO,2020,IPV - Inactivated Polio Vaccine,Yes
GBR,United Kingdom,EURO,2021,IPV - Inactivated Polio Vaccine,Yes
GBR,United Kingdom,EURO,2022,IPV - Inactivated Polio Vaccine,Yes
GBR,United Kingdom,EURO,2023,IPV - Inactivated Polio Vaccine,Yes
GBR,United Kingdom,EURO,2024,IPV - Inactivated Polio Vaccine,Yes
GBR,United Kingdom,EURO,2010,HPV - Human Papillomavirus Vaccine,No
GBR,United Kingdom,EURO,2011,HPV - Human Papillomavirus Vaccine,No
GBR,United Kingdom,EURO,2012,HPV - Human Papillomavirus Vaccine,No
GBR,United Kingdom,EURO,2013,HPV - Human Papillomavirus Vaccine,No
GBR,United Kingdom,EURO,2014,HPV - Human Papillomavirus Vaccine,Partial
GBR,United Kingdom,EURO,2015,HPV - Human Papillomavirus Vaccine,Yes
GBR,United Kingdom,EURO,2016,HPV - Human Papillomavirus Vaccine,Yes
GBR,United Kingdom,EURO,2017,HPV - Human Papillomavirus Vaccine,Yes
GBR,United Kingdom,EURO,2018,HPV - Human Papillomavirus Vaccine,Yes
GBR,United Kingdom,EURO,2019,HPV - Human Papillomavirus Vaccine,Yes
GBR,United Kingdom,EURO,2020,HPV - Human Papillomavirus Vaccine,Yes
GBR,United Kingdom,EURO,2021,HPV - Human Papillomavirus Vaccine,Yes
GBR,United Kingdom,EURO,2022,HPV - Human Papillomavirus Vaccine,Yes
GBR,United Kingdom,EURO,2023,HPV - Human Papillomavirus Vaccine,Yes
GBR,United Kingdom,EURO,2024,HPV - Human Papillomavirus Vaccine,Yes
GBR,United Kingdom,EURO,2010,Pneumococcal Conjugate Vaccine (PCV),No
GBR,United Kingdom,EURO,2011,Pneumococcal Conjugate Vaccine (PCV),Partial
GBR,United Kingdom,EURO,2012,Pneumococcal Conjugate Vaccine (PCV),Yes
GBR,United Kingdom,EURO,2013,Pneumococcal Conjugate Vaccine (PCV),Yes
GBR,United Kingdom,EURO,2014,Pneumococcal Conjugate Vaccine (PCV),Yes
GBR,United Kingdom,EURO,2015,Pneumococcal Conjugate Vaccine (PCV),Yes
GBR,United Kingdom,EURO,2016,Pneumococcal Conjugate Vaccine (PCV),Yes
GBR,United Kingdom,EURO,2017,Pneumococcal Conjugate Vaccine (PCV),Yes
GBR,United Kingdom,EURO,2018,Pneumococcal Conjugate Vaccine (PCV),Yes
GBR,United Kingdom,EURO,2019,Pneumococcal Conjugate Vaccine (PCV),Yes
GBR,United Kingdom,EURO,2020,Pneumococcal Conjugate Vaccine (PCV),Yes
GBR,United Kingdom,EURO,2021,Pneumococcal Conjugate Vaccine (PCV),Yes
GBR,United Kingdom,EURO,2022,Pneumococcal Conjugate Vaccine (PCV),Yes
GBR,United Kingdom,EURO,2023,Pneumococcal Conjugate Vaccine (PCV),Yes
GBR,United Kingdom,EURO,2024,Pneumococcal Conjugate Vaccine (PCV),Yes
GBR,United Kingdom,EURO,2010,COVID-19 Vaccine,No
GBR,United Kingdom,EURO,2011,COVID-19 Vaccine,No
GBR,United Kingdom,EURO,2012,COVID-19 Vaccine,No
GBR,United Kingdom,EURO,2013,COVID-19 Vaccine,No
GBR,United Kingdom,EURO,2014,COVID-19 Vaccine,No
GBR,United Kingdom,EURO,2015,COVID-19 Vaccine,No
GBR,United Kingdom,EURO,2016,COVID-19 Vaccine,No
GBR,United Kingdom,EURO,2017,COVID-19 Vaccine,No
GBR,United Kingdom,EURO,2018,COVID-19 Vaccine,No
GBR,United Kingdom,EURO,2019,COVID-19 Vaccine,No
GBR,United Kingdom,EURO,2020,COVID-19 Vaccine,No
GBR,United Kingdom,EURO,2021,COVID-19 Vaccine,Partial
GBR,United Kingdom,EURO,2022,COVID-19 Vaccine,Yes
GBR,United Kingdom,EURO,2023,COVID-19 Vaccine,Yes
GBR,United Kingdom,EURO,2024,COVID-19 Vaccine,Yes
GBR,United Kingdom,EURO,2010,"Malaria Vaccine (RTS,S)",No
GBR,United Kingdom,EURO,2011,"Malaria Vaccine (RTS,S)",No
GBR,United Kingdom,EURO,2012,"Malaria Vaccine (RTS,S)",No
GBR,United Kingdom,EURO,2013,"Malaria Vaccine (RTS,S)",No
GBR,United Kingdom,EURO,2014,"Malaria Vaccine (RTS,S)",No
GBR,United Kingdom,EURO,2015,"Malaria Vaccine (RTS,S)",No
GBR,United Kingdom,EURO,2016,"Malaria Vaccine (RTS,S)",No
GBR,United Kingdom,EURO,2017,"Malaria Vaccine (RTS,S)",No
GBR,United Kingdom,EURO,2018,"Malaria Vaccine (RTS,S)",No
GBR,United Kingdom,EURO,2019,"Malaria Vaccine (RTS,S)",No
GBR,United Kingdom,EURO,2020,"Malaria Vaccine (RTS,S)",No
GBR,United Kingdom,EURO,2021,"Malaria Vaccine (RTS,S)",No
GBR,United Kingdom,EURO,2022,"Malaria Vaccine (RTS,S)",Partial
GBR,United Kingdom,EURO,2023,"Malaria Vaccine (RTS,S)",Yes
GBR,United Kingdom,EURO,2024,"Malaria Vaccine (RTS,S)",Yes
JPN,Japan,WPRO,2010,Rotavirus vaccine,No
JPN,Japan,WPRO,2011,Rotavirus vaccine,No
JPN,Japan,WPRO,2012,Rotavirus vaccine,Partial
JPN,Japan,WPRO,2013,Rotavirus vaccine,Yes
JPN,Japan,WPRO,2014,Rotavirus vaccine,Yes
JPN,Japan,WPRO,2015,Rotavirus vaccine,Yes
JPN,Japan,WPRO,2016,Rotavirus vaccine,Yes
JPN,Japan,WPRO,2017,Rotavirus vaccine,Yes
JPN,Japan,WPRO,2018,Rotavirus vaccine,Yes
JPN,Japan,WPRO,2019,Rotavirus vaccine,Yes
JPN,Japan,WPRO,2020,Rotavirus vaccine,Yes
JPN,Japan,WPRO,2021,Rotavirus vaccine,Yes
JPN,Japan,WPRO,2022,Rotavirus vaccine,Yes
JPN,Japan,WPRO,2023,Rotavirus vaccine,Yes
JPN,Japan,WPRO,2024,Rotavirus vaccine,Yes
JPN,Japan,WPRO,2010,IPV - Inactivated Polio Vaccine,No
JPN,Japan,WPRO,2011,IPV - Inactivated Polio Vaccine,No
JPN,Japan,WPRO,2012,IPV - Inactivated Polio Vaccine,No
JPN,Japan,WPRO,2013,IPV - Inactivated Polio Vaccine,No
JPN,Japan,WPRO,2014,IPV - Inactivated Polio Vaccine,No
JPN,Japan,WPRO,2015,IPV - Inactivated Polio Vaccine,Partial
JPN,Japan,WPRO,2016,IPV - Inactivated Polio Vaccine,Yes
JPN,Japan,WPRO,2017,IPV - Inactivated Polio Vaccine,Yes
JPN,Japan,WPRO,2018,IPV - Inactivated Polio Vaccine,Yes
JPN,Japan,WPRO,2019,IPV - Inactivated Polio Vaccine,Yes
JPN,Japan,WPRO,2020,IPV - Inactivated Polio Vaccine,Yes
JPN,Japan,WPRO,2021,IPV - Inactivated Polio Vaccine,Yes
JPN,Japan,WPRO,2022,IPV - Inactivated Polio Vaccine,Yes
JPN,Japan,WPRO,2023,IPV - Inactivated Polio Vaccine,Yes
JPN,Japan,WPRO,2024,IPV - Inactivated Polio Vaccine,Yes
JPN,Japan,WPRO,2010,HPV - Human Papillomavirus Vaccine,No
JPN,Japan,WPRO,2011,HPV - Human Papillomavirus Vaccine,No
JPN,Japan,WPRO,2012,HPV - Human Papillomavirus Vaccine,No
JPN,Japan,WPRO,2013,HPV - Human Papillomavirus Vaccine,No
JPN,Japan,WPRO,2014,HPV - Human Papillomavirus Vaccine,Partial
JPN,Japan,WPRO,2015,HPV - Human Papillomavirus Vaccine,Yes
JPN,Japan,WPRO,2016,HPV - Human Papillomavirus Vaccine,Yes
JPN,Japan,WPRO,2017,HPV - Human Papillomavirus Vaccine,Yes
JPN,Japan,WPRO,2018,HPV - Human Papillomavirus Vaccine,Yes
JPN,Japan,WPRO,2019,HPV - Human Papillomavirus Vaccine,Yes
JPN,Japan,WPRO,2020,HPV - Human Papillomavirus Vaccine,Yes
JPN,Japan,WPRO,2021,HPV - Human Papillomavirus Vaccine,Yes
JPN,Japan,WPRO,2022,HPV - Human Papillomavirus Vaccine,Yes
JPN,Japan,WPRO,2023,HPV - Human Papillomavirus Vaccine,Yes
JPN,Japan,WPRO,2024,HPV - Human Papillomavirus Vaccine,Yes
JPN,Japan,WPRO,2010,Pneumococcal Conjugate Vaccine (PCV),No
JPN,Japan,WPRO,2011,Pneumococcal Conjugate Vaccine (PCV),Partial
JPN,Japan,WPRO,2012,Pneumococcal Conjugate Vaccine (PCV),Yes
JPN,Japan,WPRO,2013,Pneumococcal Conjugate Vaccine (PCV),Yes
JPN,Japan,WPRO,2014,Pneumococcal Conjugate Vaccine (PCV),Yes
JPN,Japan,WPRO,2015,Pneumococcal Conjugate Vaccine (PCV),Yes
JPN,Japan,WPRO,2016,Pneumococcal Conjugate Vaccine (PCV),Yes
JPN,Japan,WPRO,2017,Pneumococcal Conjugate Vaccine (PCV),Yes
JPN,Japan,WPRO,2018,Pneumococcal Conjugate Vaccine (PCV),Yes
JPN,Japan,WPRO,2019,Pneumococcal Conjugate Vaccine (PCV),Yes
JPN,Japan,WPRO,2020,Pneumococcal Conjugate Vaccine (PCV),Yes
JPN,Japan,WPRO,2021,Pneumococcal Conjugate Vaccine (PCV),Yes
JPN,Japan,WPRO,2022,Pneumococcal Conjugate Vaccine (PCV),Yes
JPN,Japan,WPRO,2023,Pneumococcal Conjugate Vaccine (PCV),Yes
JPN,Japan,WPRO,2024,Pneumococcal Conjugate Vaccine (PCV),Yes
JPN,Japan,WPRO,2010,COVID-19 Vaccine,No
JPN,Japan,WPRO,2011,COVID-19 Vaccine,No
JPN,Japan,WPRO,2012,COVID-19 Vaccine,No
JPN,Japan,WPRO,2013,COVID-19 Vaccine,No
JPN,Japan,WPRO,2014,COVID-19 Vaccine,No
JPN,Japan,WPRO,2015,COVID-19 Vaccine,No
JPN,Japan,WPRO,2016,COVID-19 Vaccine,No
JPN,Japan,WPRO,2017,COVID-19 Vaccine,No
JPN,Japan,WPRO,2018,COVID-19 Vaccine,No
JPN,Japan,WPRO,2019,COVID-19 Vaccine,No
JPN,Japan,WPRO,2020,COVID-19 Vaccine,No
JPN,Japan,WPRO,2021,COVID-19 Vaccine,Partial
JPN,Japan,WPRO,2022,COVID-19 Vaccine,Yes
JPN,Japan,WPRO,2023,COVID-19 Vaccine,Yes
JPN,Japan,WPRO,2024,COVID-19 Vaccine,Yes
JPN,Japan,WPRO,2010,"Malaria Vaccine (RTS,S)",No
JPN,Japan,WPRO,2011,"Malaria Vaccine (RTS,S)",No
JPN,Japan,WPRO,2012,"Malaria Vaccine (RTS,S)",No
JPN,Japan,WPRO,2013,"Malaria Vaccine (RTS,S)",No
JPN,Japan,WPRO,2014,"Malaria Vaccine (RTS,S)",No
JPN,Japan,WPRO,2015,"Malaria Vaccine (RTS,S)",No
JPN,Japan,WPRO,2016,"Malaria Vaccine (RTS,S)",No
JPN,Japan,WPRO,2017,"Malaria Vaccine (RTS,S)",No
JPN,Japan,WPRO,2018,"Malaria Vaccine (RTS,S)",No
JPN,Japan,WPRO,2019,"Malaria Vaccine (RTS,S)",No
JPN,Japan,WPRO,2020,"Malaria Vaccine (RTS,S)",No
JPN,Japan,WPRO,2021,"Malaria Vaccine (RTS,S)",No
JPN,Japan,WPRO,2022,"Malaria Vaccine (RTS,S)",Partial
JPN,Japan,WPRO,2023,"Malaria Vaccine (RTS,S)",Yes
JPN,Japan,WPRO,2024,"Malaria Vaccine (RTS,S)",Yes
MEX,Mexico,AMRO,2010,Rotavirus vaccine,No
MEX,Mexico,AMRO,2011,Rotavirus vaccine,No
MEX,Mexico,AMRO,2012,Rotavirus vaccine,No
MEX,Mexico,AMRO,2013,Rotavirus vaccine,No
MEX,Mexico,AMRO,2014,Rotavirus vaccine,Partial
MEX,Mexico,AMRO,2015,Rotavirus vaccine,Yes
MEX,Mexico,AMRO,2016,Rotavirus vaccine,Yes
MEX,Mexico,AMRO,2017,Rotavirus vaccine,Yes
MEX,Mexico,AMRO,2018,Rotavirus vaccine,Yes
MEX,Mexico,AMRO,2019,Rotavirus vaccine,Yes
MEX,Mexico,AMRO,2020,Rotavirus vaccine,Yes
MEX,Mexico,AMRO,2021,Rotavirus vaccine,Yes
MEX,Mexico,AMRO,2022,Rotavirus vaccine,Yes
MEX,Mexico,AMRO,2023,Rotavirus vaccine,Yes
MEX,Mexico,AMRO,2024,Rotavirus vaccine,Yes
MEX,Mexico,AMRO,2010,IPV - Inactivated Polio Vaccine,No
MEX,Mexico,AMRO,2011,IPV - Inactivated Polio Vaccine,No
MEX,Mexico,AMRO,2012,IPV - Inactivated Polio Vaccine,No
MEX,Mexico,AMRO,2013,IPV - Inactivated Polio Vaccine,No
MEX,Mexico,AMRO,2014,IPV - Inactivated Polio Vaccine,No
MEX,Mexico,AMRO,2015,IPV - Inactivated Polio Vaccine,No
MEX,Mexico,AMRO,2016,IPV - Inactivated Polio Vaccine,No
MEX,Mexico,AMRO,2017,IPV - Inactivated Polio Vaccine,Partial
MEX,Mexico,AMRO,2018,IPV - Inactivated Polio Vaccine,Yes
MEX,Mexico,AMRO,2019,IPV - Inactivated Polio Vaccine,Yes
MEX,Mexico,AMRO,2020,IPV - Inactivated Polio Vaccine,Yes
MEX,Mexico,AMRO,2021,IPV - Inactivated Polio Vaccine,Yes
MEX,Mexico,AMRO,2022,IPV - Inactivated Polio Vaccine,Yes
MEX,Mexico,AMRO,2023,IPV - Inactivated Polio Vaccine,Yes
MEX,Mexico,AMRO,2024,IPV - Inactivated Polio Vaccine,Yes
MEX,Mexico,AMRO,2010,HPV - Human Papillomavirus Vaccine,No
MEX,Mexico,AMRO,2011,HPV - Human Papillomavirus Vaccine,No
MEX,Mexico,AMRO,2012,HPV - Human Papillomavirus Vaccine,No
MEX,Mexico,AMRO,2013,HPV - Human Papillomavirus Vaccine,No
MEX,Mexico,AMRO,2014,HPV - Human Papillomavirus Vaccine,No
MEX,Mexico,AMRO,2015,HPV - Human Papillomavirus Vaccine,No
MEX,Mexico,AMRO,2016,HPV - Human Papillomavirus Vaccine,Partial
MEX,Mexico,AMRO,2017,HPV - Human Papillomavirus Vaccine,Yes
MEX,Mexico,AMRO,2018,HPV - Human Papillomavirus Vaccine,Yes
MEX,Mexico,AMRO,2019,HPV - Human Papillomavirus Vaccine,Yes
MEX,Mexico,AMRO,2020,HPV - Human Papillomavirus Vaccine,Yes
MEX,Mexico,AMRO,2021,HPV - Human Papillomavirus Vaccine,Yes
MEX,Mexico,AMRO,2022,HPV - Human Papillomavirus Vaccine,Yes
MEX,Mexico,AMRO,2023,HPV - Human Papillomavirus Vaccine,Yes
MEX,Mexico,AMRO,2024,HPV - Human Papillomavirus Vaccine,Yes
MEX,Mexico,AMRO,2010,Pneumococcal Conjugate Vaccine (PCV),No
MEX,Mexico,AMRO,2011,Pneumococcal Conjugate Vaccine (PCV),No
MEX,Mexico,AMRO,2012,Pneumococcal Conjugate Vaccine (PCV),No
MEX,Mexico,AMRO,2013,Pneumococcal Conjugate Vaccine (PCV),Partial
MEX,Mexico,AMRO,2014,Pneumococcal Conjugate Vaccine (PCV),Yes
MEX,Mexico,AMRO,2015,Pneumococcal Conjugate Vaccine (PCV),Yes
MEX,Mexico,AMRO,2016,Pneumococcal Conjugate Vaccine (PCV),Yes
MEX,Mexico,AMRO,2017,Pneumococcal Conjugate Vaccine (PCV),Yes
MEX,Mexico,AMRO,2018,Pneumococcal Conjugate Vaccine (PCV),Yes
MEX,Mexico,AMRO,2019,Pneumococcal Conjugate Vaccine (PCV),Yes
MEX,Mexico,AMRO,2020,Pneumococcal Conjugate Vaccine (PCV),Yes
MEX,Mexico,AMRO,2021,Pneumococcal Conjugate Vaccine (PCV),Yes
MEX,Mexico,AMRO,2022,Pneumococcal Conjugate Vaccine (PCV),Yes
MEX,Mexico,AMRO,2023,Pneumococcal Conjugate Vaccine (PCV),Yes
MEX,Mexico,AMRO,2024,Pneumococcal Conjugate Vaccine (PCV),Yes
MEX,Mexico,AMRO,2010,COVID-19 Vaccine,No
MEX,Mexico,AMRO,2011,COVID-19 Vaccine,No
MEX,Mexico,AMRO,2012,COVID-19 Vaccine,No
MEX,Mexico,AMRO,2013,COVID-19 Vaccine,No
MEX,Mexico,AMRO,2014,COVID-19 Vaccine,No
MEX,Mexico,AMRO,2015,COVID-19 Vaccine,No
MEX,Mexico,AMRO,2016,COVID-19 Vaccine,No
MEX,Mexico,AMRO,2017,COVID-19 Vaccine,No
MEX,Mexico,AMRO,2018,COVID-19 Vaccine,No
MEX,Mexico,AMRO,2019,COVID-19 Vaccine,No
MEX,Mexico,AMRO,2020,COVID-19 Vaccine,No
MEX,Mexico,AMRO,2021,COVID-19 Vaccine,No
MEX,Mexico,AMRO,2022,COVID-19 Vaccine,No
MEX,Mexico,AMRO,2023,COVID-19 Vaccine,Partial
MEX,Mexico,AMRO,2024,COVID-19 Vaccine,Yes
MEX,Mexico,AMRO,2010,"Malaria Vaccine (RTS,S)",No
MEX,Mexico,AMRO,2011,"Malaria Vaccine (RTS,S)",No
MEX,Mexico,AMRO,2012,"Malaria Vaccine (RTS,S)",No
MEX,Mexico,AMRO,2013,"Malaria Vaccine (RTS,S)",No
MEX,Mexico,AMRO,2014,"Malaria Vaccine (RTS,S)",No
MEX,Mexico,AMRO,2015,"Malaria Vaccine (RTS,S)",No
MEX,Mexico,AMRO,2016,"Malaria Vaccine (RTS,S)",No
MEX,Mexico,AMRO,2017,"Malaria Vaccine (RTS,S)",No
MEX,Mexico,AMRO,2018,"Malaria Vaccine (RTS,S)",No
MEX,Mexico,AMRO,2019,"Malaria Vaccine (RTS,S)",No
MEX,Mexico,AMRO,2020,"Malaria Vaccine (RTS,S)",No
MEX,Mexico,AMRO,2021,"Malaria Vaccine (RTS,S)",No
MEX,Mexico,AMRO,2022,"Malaria Vaccine (RTS,S)",No
MEX,Mexico,AMRO,2023,"Malaria Vaccine (RTS,S)",No
MEX,Mexico,AMRO,2024,"Malaria Vaccine (RTS,S)",Partial
PAK,Pakistan,EMRO,2010,Rotavirus vaccine,No
PAK,Pakistan,EMRO,2011,Rotavirus vaccine,No
PAK,Pakistan,EMRO,2012,Rotavirus vaccine,No
PAK,Pakistan,EMRO,2013,Rotavirus vaccine,No
PAK,Pakistan,EMRO,2014,Rotavirus vaccine,No
PAK,Pakistan,EMRO,2015,Rotavirus vaccine,No
PAK,Pakistan,EMRO,2016,Rotavirus vaccine,Partial
PAK,Pakistan,EMRO,2017,Rotavirus vaccine,Yes
PAK,Pakistan,EMRO,2018,Rotavirus vaccine,Yes
PAK,Pakistan,EMRO,2019,Rotavirus vaccine,Yes
PAK,Pakistan,EMRO,2020,Rotavirus vaccine,Yes
PAK,Pakistan,EMRO,2021,Rotavirus vaccine,Yes
PAK,Pakistan,EMRO,2022,Rotavirus vaccine,Yes
PAK,Pakistan,EMRO,2023,Rotavirus vaccine,Yes
PAK,Pakistan,EMRO,2024,Rotavirus vaccine,Yes
PAK,Pakistan,EMRO,2010,IPV - Inactivated Polio Vaccine,No
PAK,Pakistan,EMRO,2011,IPV - Inactivated Polio Vaccine,No
PAK,Pakistan,EMRO,2012,IPV - Inactivated Polio Vaccine,No
PAK,Pakistan,EMRO,2013,IPV - Inactivated Polio Vaccine,No
PAK,Pakistan,EMRO,2014,IPV - Inactivated Polio Vaccine,No
PAK,Pakistan,EMRO,2015,IPV - Inactivated Polio Vaccine,No
PAK,Pakistan,EMRO,2016,IPV - Inactivated Polio Vaccine,No
PAK,Pakistan,EMRO,2017,IPV - Inactivated Polio Vaccine,No
PAK,Pakistan,EMRO,2018,IPV - Inactivated Polio Vaccine,No
PAK,Pakistan,EMRO,2019,IPV - Inactivated Polio Vaccine,Partial
PAK,Pakistan,EMRO,2020,IPV - Inactivated Polio Vaccine,Yes
PAK,Pakistan,EMRO,2021,IPV - Inactivated Polio Vaccine,Yes
PAK,Pakistan,EMRO,2022,IPV - Inactivated Polio Vaccine,Yes
PAK,Pakistan,EMRO,2023,IPV - Inactivated Polio Vaccine,Yes
PAK,Pakistan,EMRO,2024,IPV - Inactivated Polio Vaccine,Yes
PAK,Pakistan,EMRO,2010,HPV - Human Papillomavirus Vaccine,No
PAK,Pakistan,EMRO,2011,HPV - Human Papillomavirus Vaccine,No
PAK,Pakistan,EMRO,2012,HPV - Human Papillomavirus Vaccine,No
PAK,Pakistan,EMRO,2013,HPV - Human Papillomavirus Vaccine,No
PAK,Pakistan,EMRO,2014,HPV - Human Papillomavirus Vaccine,No
PAK,Pakistan,EMRO,2015,HPV - Human Papillomavirus Vaccine,No
PAK,Pakistan,EMRO,2016,HPV - Human Papillomavirus Vaccine,No
PAK,Pakistan,EMRO,2017,HPV - Human Papillomavirus Vaccine,No
PAK,Pakistan,EMRO,2018,HPV - Human Papillomavirus Vaccine,Partial
PAK,Pakistan,EMRO,2019,HPV - Human Papillomavirus Vaccine,Yes
PAK,Pakistan,EMRO,2020,HPV - Human Papillomavirus Vaccine,Yes
PAK,Pakistan,EMRO,2021,HPV - Human Papillomavirus Vaccine,Yes
PAK,Pakistan,EMRO,2022,HPV - Human Papillomavirus Vaccine,Yes
PAK,Pakistan,EMRO,2023,HPV - Human Papillomavirus Vaccine,Yes
PAK,Pakistan,EMRO,2024,HPV - Human Papillomavirus Vaccine,Yes
PAK,Pakistan,EMRO,2010,Pneumococcal Conjugate Vaccine (PCV),No
PAK,Pakistan,EMRO,2011,Pneumococcal Conjugate Vaccine (PCV),No
PAK,Pakistan,EMRO,2012,Pneumococcal Conjugate Vaccine (PCV),No
PAK,Pakistan,EMRO,2013,Pneumococcal Conjugate Vaccine (PCV),No
PAK,Pakistan,EMRO,2014,Pneumococcal Conjugate Vaccine (PCV),No
PAK,Pakistan,EMRO,2015,Pneumococcal Conjugate Vaccine (PCV),Partial
PAK,Pakistan,EMRO,2016,Pneumococcal Conjugate Vaccine (PCV),Yes
PAK,Pakistan,EMRO,2017,Pneumococcal Conjugate Vaccine (PCV),Yes
PAK,Pakistan,EMRO,2018,Pneumococcal Conjugate Vaccine (PCV),Yes
PAK,Pakistan,EMRO,2019,Pneumococcal Conjugate Vaccine (PCV),Yes
PAK,Pakistan,EMRO,2020,Pneumococcal Conjugate Vaccine (PCV),Yes
PAK,Pakistan,EMRO,2021,Pneumococcal Conjugate Vaccine (PCV),Yes
PAK,Pakistan,EMRO,2022,Pneumococcal Conjugate Vaccine (PCV),Yes
PAK,Pakistan,EMRO,2023,Pneumococcal Conjugate Vaccine (PCV),Yes
PAK,Pakistan,EMRO,2024,Pneumococcal Conjugate Vaccine (PCV),Yes
PAK,Pakistan,EMRO,2010,COVID-19 Vaccine,No
PAK,Pakistan,EMRO,2011,COVID-19 Vaccine,No
PAK,Pakistan,EMRO,2012,COVID-19 Vaccine,No
PAK,Pakistan,EMRO,2013,COVID-19 Vaccine,No
PAK,Pakistan,EMRO,2014,COVID-19 Vaccine,No
PAK,Pakistan,EMRO,2015,COVID-19 Vaccine,No
PAK,Pakistan,EMRO,2016,COVID-19 Vaccine,No
PAK,Pakistan,EMRO,2017,COVID-19 Vaccine,No
PAK,Pakistan,EMRO,2018,COVID-19 Vaccine,No
PAK,Pakistan,EMRO,2019,COVID-19 Vaccine,No
PAK,Pakistan,EMRO,2020,COVID-19 Vaccine,No
PAK,Pakistan,EMRO,2021,COVID-19 Vaccine,No
PAK,Pakistan,EMRO,2022,COVID-19 Vaccine,No
PAK,Pakistan,EMRO,2023,COVID-19 Vaccine,No
PAK,Pakistan,EMRO,2024,COVID-19 Vaccine,No
PAK,Pakistan,EMRO,2010,"Malaria Vaccine (RTS,S)",No
PAK,Pakistan,EMRO,2011,"Malaria Vaccine (RTS,S)",No
PAK,Pakistan,EMRO,2012,"Malaria Vaccine (RTS,S)",No
PAK,Pakistan,EMRO,2013,"Malaria Vaccine (RTS,S)",No
PAK,Pakistan,EMRO,2014,"Malaria Vaccine (RTS,S)",No
PAK,Pakistan,EMRO,2015,"Malaria Vaccine (RTS,S)",No
PAK,Pakistan,EMRO,2016,"Malaria Vaccine (RTS,S)",No
PAK,Pakistan,EMRO,2017,"Malaria Vaccine (RTS,S)",No
PAK,Pakistan,EMRO,2018,"Malaria Vaccine (RTS,S)",No
PAK,Pakistan,EMRO,2019,"Malaria Vaccine (RTS,S)",No
PAK,Pakistan,EMRO,2020,"Malaria Vaccine (RTS,S)",No
PAK,Pakistan,EMRO,2021,"Malaria Vaccine (RTS,S)",No
PAK,Pakistan,EMRO,2022,"Malaria Vaccine (RTS,S)",No
PAK,Pakistan,EMRO,2023,"Malaria Vaccine (RTS,S)",No
PAK,Pakistan,EMRO,2024,"Malaria Vaccine (RTS,S)",No
BGD,Bangladesh,SEARO,2010,Rotavirus vaccine,No
BGD,Bangladesh,SEARO,2011,Rotavirus vaccine,No
BGD,Bangladesh,SEARO,2012,Rotavirus vaccine,No
BGD,Bangladesh,SEARO,2013,Rotavirus vaccine,No
BGD,Bangladesh,SEARO,2014,Rotavirus vaccine,No
BGD,Bangladesh,SEARO,2015,Rotavirus vaccine,No
BGD,Bangladesh,SEARO,2016,Rotavirus vaccine,Partial
BGD,Bangladesh,SEARO,2017,Rotavirus vaccine,Yes
BGD,Bangladesh,SEARO,2018,Rotavirus vaccine,Yes
BGD,Bangladesh,SEARO,2019,Rotavirus vaccine,Yes
BGD,Bangladesh,SEARO,2020,Rotavirus vaccine,Yes
BGD,Bangladesh,SEARO,2021,Rotavirus vaccine,Yes
BGD,Bangladesh,SEARO,2022,Rotavirus vaccine,Yes
BGD,Bangladesh,SEARO,2023,Rotavirus vaccine,Yes
BGD,Bangladesh,SEARO,2024,Rotavirus vaccine,Yes
BGD,Bangladesh,SEARO,2010,IPV - Inactivated Polio Vaccine,No
BGD,Bangladesh,SEARO,2011,IPV - Inactivated Polio Vaccine,No
BGD,Bangladesh,SEARO,2012,IPV - Inactivated Polio Vaccine,No
BGD,Bangladesh,SEARO,2013,IPV - Inactivated Polio Vaccine,No
BGD,Bangladesh,SEARO,2014,IPV - Inactivated Polio Vaccine,No
BGD,Bangladesh,SEARO,2015,IPV - Inactivated Polio Vaccine,No
BGD,Bangladesh,SEARO,2016,IPV - Inactivated Polio Vaccine,No
BGD,Bangladesh,SEARO,2017,IPV - Inactivated Polio Vaccine,No
BGD,Bangladesh,SEARO,2018,IPV - Inactivated Polio Vaccine,No
BGD,Bangladesh,SEARO,2019,IPV - Inactivated Polio Vaccine,Partial
BGD,Bangladesh,SEARO,2020,IPV - Inactivated Polio Vaccine,Yes
BGD,Bangladesh,SEARO,2021,IPV - Inactivated Polio Vaccine,Yes
BGD,Bangladesh,SEARO,2022,IPV - Inactivated Polio Vaccine,Yes
BGD,Bangladesh,SEARO,2023,IPV - Inactivated Polio Vaccine,Yes
BGD,Bangladesh,SEARO,2024,IPV - Inactivated Polio Vaccine,Yes
BGD,Bangladesh,SEARO,2010,HPV - Human Papillomavirus Vaccine,No
BGD,Bangladesh,SEARO,2011,HPV - Human Papillomavirus Vaccine,No
BGD,Bangladesh,SEARO,2012,HPV - Human Papillomavirus Vaccine,No
BGD,Bangladesh,SEARO,2013,HPV - Human Papillomavirus Vaccine,No
BGD,Bangladesh,SEARO,2014,HPV - Human Papillomavirus Vaccine,No
BGD,Bangladesh,SEARO,2015,HPV - Human Papillomavirus Vaccine,No
BGD,Bangladesh,SEARO,2016,HPV - Human Papillomavirus Vaccine,No
BGD,Bangladesh,SEARO,2017,HPV - Human Papillomavirus Vaccine,No
BGD,Bangladesh,SEARO,2018,HPV - Human Papillomavirus Vaccine,Partial
BGD,Bangladesh,SEARO,2019,HPV - Human Papillomavirus Vaccine,Yes
BGD,Bangladesh,SEARO,2020,HPV - Human Papillomavirus Vaccine,Yes
BGD,Bangladesh,SEARO,2021,HPV - Human Papillomavirus Vaccine,Yes
BGD,Bangladesh,SEARO,2022,HPV - Human Papillomavirus Vaccine,Yes
BGD,Bangladesh,SEARO,2023,HPV - Human Papillomavirus Vaccine,Yes
BGD,Bangladesh,SEARO,2024,HPV - Human Papillomavirus Vaccine,Yes
BGD,Bangladesh,SEARO,2010,Pneumococcal Conjugate Vaccine (PCV),No
BGD,Bangladesh,SEARO,2011,Pneumococcal Conjugate Vaccine (PCV),No
BGD,Bangladesh,SEARO,2012,Pneumococcal Conjugate Vaccine (PCV),No
BGD,Bangladesh,SEARO,2013,Pneumococcal Conjugate Vaccine (PCV),No
BGD,Bangladesh,SEARO,2014,Pneumococcal Conjugate Vaccine (PCV),No
BGD,Bangladesh,SEARO,2015,Pneumococcal Conjugate Vaccine (PCV),Partial
BGD,Bangladesh,SEARO,2016,Pneumococcal Conjugate Vaccine (PCV),Yes
BGD,Bangladesh,SEARO,2017,Pneumococcal Conjugate Vaccine (PCV),Yes
BGD,Bangladesh,SEARO,2018,Pneumococcal Conjugate Vaccine (PCV),Yes
BGD,Bangladesh,SEARO,2019,Pneumococcal Conjugate Vaccine (PCV),Yes
BGD,Bangladesh,SEARO,2020,Pneumococcal Conjugate Vaccine (PCV),Yes
BGD,Bangladesh,SEARO,2021,Pneumococcal Conjugate Vaccine (PCV),Yes
BGD,Bangladesh,SEARO,2022,Pneumococcal Conjugate Vaccine (PCV),Yes
BGD,Bangladesh,SEARO,2023,Pneumococcal Conjugate Vaccine (PCV),Yes
BGD,Bangladesh,SEARO,2024,Pneumococcal Conjugate Vaccine (PCV),Yes
BGD,Bangladesh,SEARO,2010,COVID-19 Vaccine,No
BGD,Bangladesh,SEARO,2011,COVID-19 Vaccine,No
BGD,Bangladesh,SEARO,2012,COVID-19 Vaccine,No
BGD,Bangladesh,SEARO,2013,COVID-19 Vaccine,No
BGD,Bangladesh,SEARO,2014,COVID-19 Vaccine,No
BGD,Bangladesh,SEARO,2015,COVID-19 Vaccine,No
BGD,Bangladesh,SEARO,2016,COVID-19 Vaccine,No
BGD,Bangladesh,SEARO,2017,COVID-19 Vaccine,No
BGD,Bangladesh,SEARO,2018,COVID-19 Vaccine,No
BGD,Bangladesh,SEARO,2019,COVID-19 Vaccine,No
BGD,Bangladesh,SEARO,2020,COVID-19 Vaccine,No
BGD,Bangladesh,SEARO,2021,COVID-19 Vaccine,No
BGD,Bangladesh,SEARO,2022,COVID-19 Vaccine,No
BGD,Bangladesh,SEARO,2023,COVID-19 Vaccine,No
BGD,Bangladesh,SEARO,2024,COVID-19 Vaccine,No
BGD,Bangladesh,SEARO,2010,"Malaria Vaccine (RTS,S)",No
BGD,Bangladesh,SEARO,2011,"Malaria Vaccine (RTS,S)",No
BGD,Bangladesh,SEARO,2012,"Malaria Vaccine (RTS,S)",No
BGD,Bangladesh,SEARO,2013,"Malaria Vaccine (RTS,S)",No
BGD,Bangladesh,SEARO,2014,"Malaria Vaccine (RTS,S)",No
BGD,Bangladesh,SEARO,2015,"Malaria Vaccine (RTS,S)",No
BGD,Bangladesh,SEARO,2016,"Malaria Vaccine (RTS,S)",No
BGD,Bangladesh,SEARO,2017,"Malaria Vaccine (RTS,S)",No
BGD,Bangladesh,SEARO,2018,"Malaria Vaccine (RTS,S)",No
BGD,Bangladesh,SEARO,2019,"Malaria Vaccine (RTS,S)",No
BGD,Bangladesh,SEARO,2020,"Malaria Vaccine (RTS,S)",No
BGD,Bangladesh,SEARO,2021,"Malaria Vaccine (RTS,S)",No
BGD,Bangladesh,SEARO,2022,"Malaria Vaccine (RTS,S)",No
BGD,Bangladesh,SEARO,2023,"Malaria Vaccine (RTS,S)",No
BGD,Bangladesh,SEARO,2024,"Malaria Vaccine (RTS,S)",No
